/*
 Navicat Premium Data Transfer

 Source Server         : postgreSQL
 Source Server Type    : PostgreSQL
 Source Server Version : 110014
 Source Host           : localhost:5432
 Source Catalog        : osdb
 Source Schema         : public

 Target Server Type    : PostgreSQL
 Target Server Version : 110014
 File Encoding         : 65001

 Date: 11/04/2022 17:05:12
*/
DROP TABLE IF EXISTS "public"."download_history";
CREATE TABLE "public"."download_history" (
  "id" SERIAL PRIMARY KEY,
  "user_id" int4,
  "username" varchar(50) COLLATE "pg_catalog"."default" DEFAULT NULL::character varying,
	"email" varchar(50) COLLATE "pg_catalog"."default" DEFAULT NULL::character varying,
  "status" int4 NOT NULL DEFAULT 1,
  "create_at" timestamptz(6) DEFAULT NULL::timestamp with time zone,
  "update_at" timestamptz(6) DEFAULT NULL::timestamp with time zone
)
;SELECT * FROM "myadmin_model"

-- ----------------------------
-- Table structure for category
-- ----------------------------
DROP TABLE IF EXISTS "public"."category";
CREATE TABLE "public"."category" (
  "id" SERIAL PRIMARY KEY,
  "shop_id" int4,
  "name" varchar(50) COLLATE "pg_catalog"."default" DEFAULT NULL::character varying,
  "status" int4 NOT NULL DEFAULT 1,
  "create_at" timestamptz(6) DEFAULT NULL::timestamp with time zone,
  "update_at" timestamptz(6) DEFAULT NULL::timestamp with time zone
)
;

-- ----------------------------
-- Records of category
-- ----------------------------
INSERT INTO "public"."category" VALUES (5, 2, '双拼套餐', 1, '2020-07-25 10:20:30-03', '2020-07-25 10:20:30-03');
INSERT INTO "public"."category" VALUES (6, 2, '盖饭', 1, '2020-07-25 10:20:30-03', '2020-07-25 10:20:30-03');
INSERT INTO "public"."category" VALUES (7, 2, '小菜', 1, '2020-07-25 10:20:30-03', '2020-07-25 10:20:30-03');
INSERT INTO "public"."category" VALUES (8, 2, '汤/饮料', 1, '2020-07-25 10:20:30-03', '2020-07-25 10:20:30-03');
INSERT INTO "public"."category" VALUES (9, 3, '盖饭', 1, '2020-07-25 10:20:30-03', '2020-07-25 10:20:30-03');
INSERT INTO "public"."category" VALUES (10, 3, '双拼套餐', 1, '2020-07-25 10:20:30-03', '2020-07-25 10:20:30-03');
INSERT INTO "public"."category" VALUES (11, 4, '小炒', 1, '2020-07-25 10:20:30-03', '2020-07-25 10:20:30-03');
INSERT INTO "public"."category" VALUES (1, 1, 'Coarse Annotations', 1, '2020-07-25 10:20:30-03', '2020-07-25 10:20:30-03');
INSERT INTO "public"."category" VALUES (2, 1, 'Detailed Annotations', 1, '2020-07-25 10:20:30-03', '2020-07-25 10:20:30-03');
INSERT INTO "public"."category" VALUES (3, 1, 'Coarse Annotations', 1, '2020-07-25 10:20:30-03', '2020-07-25 10:20:30-03');
INSERT INTO "public"."category" VALUES (4, 1, 'Detailed Annotations', 1, '2020-07-25 10:20:30-03', '2020-07-25 10:20:30-03');

-- ----------------------------
-- Table structure for django_migrations
-- ----------------------------
DROP TABLE IF EXISTS "public"."django_migrations";
CREATE TABLE "public"."django_migrations" (
  "id" SERIAL PRIMARY KEY,
  "app" varchar(255) COLLATE "pg_catalog"."default" NOT NULL,
  "name" varchar(255) COLLATE "pg_catalog"."default" NOT NULL,
  "applied" timestamptz(6) NOT NULL
)
;

-- ----------------------------
-- Table structure for django_session
-- ----------------------------
DROP TABLE IF EXISTS "public"."django_session";
CREATE TABLE "public"."django_session" (
  "session_key" varchar(40) PRIMARY KEY,
  "session_data" text COLLATE "pg_catalog"."default" NOT NULL,
  "expire_date" timestamptz(6) NOT NULL
)
;

-- ----------------------------
-- Records of django_session
-- ----------------------------
INSERT INTO "public"."django_session" VALUES ('1nndcfz4g47u4w0mydb4ecpbtwspjt5n', 'ZTlmYWJiODFkYjkwYmRkMjQ4NmI3NTZlYjFhNWVjNzRkZTk3MjE3ODp7InRvdGFsX21vbmV5IjowfQ==', '2022-04-11 22:42:25.304481-03');
INSERT INTO "public"."django_session" VALUES ('65nai9gvp1j0ds4r57hk3ny159rfbvud', 'OTk4ZjE3OThlZDM1NjI2NDg2YWNhMTBmZDlkYjkyZTYyNmQxMjJiZjp7InZlcmlmeWNvZGUiOiI5MjEzIiwic2hvcGluZm8iOnsiaWQiOjEsIm5hbWUiOiJcdTc1MzBcdTgwMDFcdTVlMDhcdTdlYTJcdTcwZTdcdTgwODkiLCJzaG9wIjoiXHU2NzFkXHU5NjMzXHU1YzA2XHU1M2YwXHU4ZGVmXHU1ZTk3IiwiY292ZXJfcGljIjoiMTIzNDEyMzQuanBnIiwiYmFubmVyX3BpYyI6ImxnLmpwZyIsImFkZHJlc3MiOiJcdTUzMTdcdTRlYWNcdTVlMDJcdTY3MWRcdTk2MzNcdTUzM2FcdTVjMDZcdTUzZjBcdTRlNjFcdTRlMWNcdTUxNmJcdTk1ZjRcdTYyM2ZcdTY3NTFcdTg5N2ZcdTRlMzQ4XHU1M2Y3IiwicGhvbmUiOiIxMjM0NTY3ODkwNSIsInN0YXR1cyI6MSwiY3JlYXRlX2F0IjoiMjAyMC0wNy0yMCAyMToxMjozNCIsInVwZGF0ZV9hdCI6IjIwMjAtMDctMjQgMjM6MzQ6NTYifSwiY2F0ZWdvcnlsaXN0Ijp7IjEiOnsiaWQiOjEsIm5hbWUiOiJDb2Fyc2UgQW5ub3RhdGlvbnMiLCJwaWRzIjpbeyJpZCI6MSwic2hvcF9pZCI6MSwiY2F0ZWdvcnlfaWQiOjEsImNvdmVyX3BpYyI6IjE1MzY2NTc2MjAuNTQ4NTcwNC5qcGciLCJuYW1lIjoiXHU3ZWEyXHU3MGU3XHU4MDg5K1x1NzJlZVx1NWI1MFx1NTkzNCtcdTk5NmVcdTY1OTkiLCJwcmljZSI6MjUuMCwic3RhdHVzIjoxLCJjcmVhdGVfYXQiOiIyMDIwLTA3LTExIDIwOjIwOjIwIiwidXBkYXRlX2F0IjoiMjAyMC0wNy0yNSAyMToyMDozMCJ9LHsiaWQiOjIsInNob3BfaWQiOjEsImNhdGVnb3J5X2lkIjoxLCJjb3Zlcl9waWMiOiIxNTM2NjU4MzUyLjkzNDE1NTcuanBnIiwibmFtZSI6Ilx1N2VhMlx1NzBlN1x1ODA4OStcdTc1NmFcdTgzMDRcdTllMjFcdTg2Y2IiLCJwcmljZSI6MjIuMCwic3RhdHVzIjoxLCJjcmVhdGVfYXQiOiIyMDIwLTA3LTExIDIwOjMyOjMyIiwidXBkYXRlX2F0IjoiMjAyMC0wNy0yNSAyMToyMDozMCJ9LHsiaWQiOjMsInNob3BfaWQiOjEsImNhdGVnb3J5X2lkIjoxLCJjb3Zlcl9waWMiOiIxNTM2NjU4NDE1LjY4MzgwMDIuanBnIiwibmFtZSI6Ilx1Njg4NVx1ODNkY1x1NjI2M1x1ODA4OStcdTc1NmFcdTgzMDRcdTllMjFcdTg2Y2IiLCJwcmljZSI6MjIuMCwic3RhdHVzIjoxLCJjcmVhdGVfYXQiOiIyMDIwLTA3LTExIDIwOjMzOjM1IiwidXBkYXRlX2F0IjoiMjAyMC0wNy0yNSAyMToyMDozMCJ9LHsiaWQiOjQsInNob3BfaWQiOjEsImNhdGVnb3J5X2lkIjoxLCJjb3Zlcl9waWMiOiIxNTM2NjU4NTc0LjI4NDczNzMuanBnIiwibmFtZSI6Ilx1ODBhNVx1NzI1YitcdTc1NmFcdTgzMDRcdTllMjFcdTg2Y2IiLCJwcmljZSI6MjIuMCwic3RhdHVzIjoxLCJjcmVhdGVfYXQiOiIyMDIwLTA3LTExIDIwOjM2OjE0IiwidXBkYXRlX2F0IjoiMjAyMC0wNy0yNSAyMToyMDozMCJ9XX0sIjIiOnsiaWQiOjIsIm5hbWUiOiJEZXRhaWxlZCBBbm5vdGF0aW9ucyIsInBpZHMiOlt7ImlkIjo1LCJzaG9wX2lkIjoxLCJjYXRlZ29yeV9pZCI6MiwiY292ZXJfcGljIjoiMTUzNjY1ODY1OS4wNDQ2OTkzLmpwZyIsIm5hbWUiOiJcdTY4ODVcdTgzZGNcdTYyNjNcdTgwODlcdTk5NmQiLCJwcmljZSI6MTkuMCwic3RhdHVzIjoxLCJjcmVhdGVfYXQiOiIyMDIwLTA3LTExIDIwOjM3OjM5IiwidXBkYXRlX2F0IjoiMjAyMC0wNy0yNSAyMToyMDozMCJ9LHsiaWQiOjYsInNob3BfaWQiOjEsImNhdGVnb3J5X2lkIjoyLCJjb3Zlcl9waWMiOiIxNTM2NjU4ODI0LjM5NzY1MDUuanBnIiwibmFtZSI6Ilx1NjcyOFx1OTg3Ylx1ODA4OVx1OTk2ZCIsInByaWNlIjoxNi4wLCJzdGF0dXMiOjEsImNyZWF0ZV9hdCI6IjIwMjAtMDctMTEgMjA6NDA6MjQiLCJ1cGRhdGVfYXQiOiIyMDIwLTA3LTI1IDIxOjIwOjMwIn0seyJpZCI6Nywic2hvcF9pZCI6MSwiY2F0ZWdvcnlfaWQiOjIsImNvdmVyX3BpYyI6IjE1MzY2NTg4NjMuNjczMjg1NS5qcGciLCJuYW1lIjoiXHU4MGE1XHU3MjViXHU5OTZkIiwicHJpY2UiOjE5LjAsInN0YXR1cyI6MSwiY3JlYXRlX2F0IjoiMjAyMC0wNy0xMSAyMDo0MTowMyIsInVwZGF0ZV9hdCI6IjIwMjAtMDctMjUgMjE6MjA6MzAifSx7ImlkIjo4LCJzaG9wX2lkIjoxLCJjYXRlZ29yeV9pZCI6MiwiY292ZXJfcGljIjoiMTUzNjY1ODk2MC4zOTU0MTM0LmpwZyIsIm5hbWUiOiJcdTY1ZTBcdTlhYThcdTU0OTZcdTU1YjFcdTllMjFcdTk5NmQiLCJwcmljZSI6MTguMCwic3RhdHVzIjoxLCJjcmVhdGVfYXQiOiIyMDIwLTA3LTExIDIwOjQyOjQwIiwidXBkYXRlX2F0IjoiMjAyMC0wNy0yNSAyMToyMDozMCJ9XX0sIjMiOnsiaWQiOjMsIm5hbWUiOiJDb2Fyc2UgQW5ub3RhdGlvbnMiLCJwaWRzIjpbeyJpZCI6OSwic2hvcF9pZCI6MSwiY2F0ZWdvcnlfaWQiOjMsImNvdmVyX3BpYyI6IjE1MzY2NTkxMTQuMDQ0MDIzNS5qcGciLCJuYW1lIjoiXHU2NzI4XHU5ODdiXHU4MDg5IiwicHJpY2UiOjEyLjAsInN0YXR1cyI6MSwiY3JlYXRlX2F0IjoiMjAyMC0wNy0xMSAyMDo0NDoyNSIsInVwZGF0ZV9hdCI6IjIwMjAtMDctMjUgMjE6MjA6MzAifSx7ImlkIjoxMCwic2hvcF9pZCI6MSwiY2F0ZWdvcnlfaWQiOjMsImNvdmVyX3BpYyI6IjE1MzY2NTkwNjUuNzk3MjYzNy5qcGciLCJuYW1lIjoiXHU3NTZhXHU4MzA0XHU5ZTIxXHU4NmNiIiwicHJpY2UiOjQuMCwic3RhdHVzIjoxLCJjcmVhdGVfYXQiOiIyMDIwLTA3LTExIDIwOjQ1OjE0IiwidXBkYXRlX2F0IjoiMjAyMC0wNy0yNSAyMToyMDozMCJ9LHsiaWQiOjExLCJzaG9wX2lkIjoxLCJjYXRlZ29yeV9pZCI6MywiY292ZXJfcGljIjoiMTUzNjY1OTE5Ny43MjMxMjIxLmpwZyIsIm5hbWUiOiJcdTk3NTJcdTgzZGMiLCJwcmljZSI6NC4wLCJzdGF0dXMiOjEsImNyZWF0ZV9hdCI6IjIwMjAtMDctMTEgMjA6NDY6MzciLCJ1cGRhdGVfYXQiOiIyMDIwLTA3LTI1IDIxOjIwOjMwIn0seyJpZCI6MTIsInNob3BfaWQiOjEsImNhdGVnb3J5X2lkIjozLCJjb3Zlcl9waWMiOiIxNTM2NjU5MjUzLjg4NDI3MTYuanBnIiwibmFtZSI6Ilx1NTM1NVx1NGVmZFx1OTk5OVx1OGZhM1x1N2IwYlx1NWU3Mlx1NzBlN1x1ODA4OSIsInByaWNlIjoxNS4wLCJzdGF0dXMiOjEsImNyZWF0ZV9hdCI6IjIwMjAtMDctMTEgMjA6NDc6MzMiLCJ1cGRhdGVfYXQiOiIyMDIwLTA3LTI1IDIxOjIwOjMwIn1dfSwiNCI6eyJpZCI6NCwibmFtZSI6IkRldGFpbGVkIEFubm90YXRpb25zIiwicGlkcyI6W3siaWQiOjEzLCJzaG9wX2lkIjoxLCJjYXRlZ29yeV9pZCI6NCwiY292ZXJfcGljIjoiMTUzNjY1OTMxMS44Njk5NDkzLmpwZyIsIm5hbWUiOiJcdTc1NmFcdTgzMDRcdTg2Y2JcdTgyYjFcdTZjNjQiLCJwcmljZSI6NC4wLCJzdGF0dXMiOjEsImNyZWF0ZV9hdCI6IjIwMjAtMDctMTEgMjA6NDg6MzEiLCJ1cGRhdGVfYXQiOiIyMDIwLTA3LTI1IDIxOjIwOjMwIn0seyJpZCI6MTQsInNob3BfaWQiOjEsImNhdGVnb3J5X2lkIjo0LCJjb3Zlcl9waWMiOiIxNTM2NjU5MzY0Ljc4OTI1MTMuanBnIiwibmFtZSI6Ilx1NzM4Ylx1ODAwMVx1NTQwOSIsInByaWNlIjo2LjAsInN0YXR1cyI6MSwiY3JlYXRlX2F0IjoiMjAyMC0wNy0xMSAyMDo0OToyNCIsInVwZGF0ZV9hdCI6IjIwMjAtMDctMjUgMjE6MjA6MzAifSx7ImlkIjoxNSwic2hvcF9pZCI6MSwiY2F0ZWdvcnlfaWQiOjQsImNvdmVyX3BpYyI6IjE1MzY2NTk1NjMuMzg5NzY0OC5qcGciLCJuYW1lIjoiXHU2NzljXHU3YzkyXHU2YTU5IiwicHJpY2UiOjUuMCwic3RhdHVzIjoxLCJjcmVhdGVfYXQiOiIyMDIwLTA3LTExIDIwOjUyOjQzIiwidXBkYXRlX2F0IjoiMjAyMC0wNy0yNSAyMToyMDozMCJ9LHsiaWQiOjE2LCJzaG9wX2lkIjoxLCJjYXRlZ29yeV9pZCI6NCwiY292ZXJfcGljIjoiMTUzNjY1OTYwNS41NTYxNzcxLmpwZyIsIm5hbWUiOiJcdTc3ZmZcdTZjYzlcdTZjMzQiLCJwcmljZSI6My4wLCJzdGF0dXMiOjEsImNyZWF0ZV9hdCI6IjIwMjAtMDctMTEgMjA6NTM6MjUiLCJ1cGRhdGVfYXQiOiIyMDIwLTA3LTI1IDIxOjIwOjMwIn0seyJpZCI6MTcsInNob3BfaWQiOjEsImNhdGVnb3J5X2lkIjo0LCJjb3Zlcl9waWMiOiIxNTM2NjU5Njg4LjQ4NTYxNTcuanBnIiwibmFtZSI6Ilx1NGU0Y1x1Njg4NVx1NmM0MSIsInByaWNlIjo0LjAsInN0YXR1cyI6MSwiY3JlYXRlX2F0IjoiMjAyMC0wNy0xMSAyMDo1NDo0OCIsInVwZGF0ZV9hdCI6IjIwMjAtMDctMjUgMjE6MjA6MzAifV19fSwicHJvZHVjdGxpc3QiOnsiMSI6eyJpZCI6MSwic2hvcF9pZCI6MSwiY2F0ZWdvcnlfaWQiOjEsImNvdmVyX3BpYyI6IjE1MzY2NTc2MjAuNTQ4NTcwNC5qcGciLCJuYW1lIjoiXHU3ZWEyXHU3MGU3XHU4MDg5K1x1NzJlZVx1NWI1MFx1NTkzNCtcdTk5NmVcdTY1OTkiLCJwcmljZSI6MjUuMCwic3RhdHVzIjoxLCJjcmVhdGVfYXQiOiIyMDIwLTA3LTExIDIwOjIwOjIwIiwidXBkYXRlX2F0IjoiMjAyMC0wNy0yNSAyMToyMDozMCJ9LCIyIjp7ImlkIjoyLCJzaG9wX2lkIjoxLCJjYXRlZ29yeV9pZCI6MSwiY292ZXJfcGljIjoiMTUzNjY1ODM1Mi45MzQxNTU3LmpwZyIsIm5hbWUiOiJcdTdlYTJcdTcwZTdcdTgwODkrXHU3NTZhXHU4MzA0XHU5ZTIxXHU4NmNiIiwicHJpY2UiOjIyLjAsInN0YXR1cyI6MSwiY3JlYXRlX2F0IjoiMjAyMC0wNy0xMSAyMDozMjozMiIsInVwZGF0ZV9hdCI6IjIwMjAtMDctMjUgMjE6MjA6MzAifSwiMyI6eyJpZCI6Mywic2hvcF9pZCI6MSwiY2F0ZWdvcnlfaWQiOjEsImNvdmVyX3BpYyI6IjE1MzY2NTg0MTUuNjgzODAwMi5qcGciLCJuYW1lIjoiXHU2ODg1XHU4M2RjXHU2MjYzXHU4MDg5K1x1NzU2YVx1ODMwNFx1OWUyMVx1ODZjYiIsInByaWNlIjoyMi4wLCJzdGF0dXMiOjEsImNyZWF0ZV9hdCI6IjIwMjAtMDctMTEgMjA6MzM6MzUiLCJ1cGRhdGVfYXQiOiIyMDIwLTA3LTI1IDIxOjIwOjMwIn0sIjQiOnsiaWQiOjQsInNob3BfaWQiOjEsImNhdGVnb3J5X2lkIjoxLCJjb3Zlcl9waWMiOiIxNTM2NjU4NTc0LjI4NDczNzMuanBnIiwibmFtZSI6Ilx1ODBhNVx1NzI1YitcdTc1NmFcdTgzMDRcdTllMjFcdTg2Y2IiLCJwcmljZSI6MjIuMCwic3RhdHVzIjoxLCJjcmVhdGVfYXQiOiIyMDIwLTA3LTExIDIwOjM2OjE0IiwidXBkYXRlX2F0IjoiMjAyMC0wNy0yNSAyMToyMDozMCJ9LCI1Ijp7ImlkIjo1LCJzaG9wX2lkIjoxLCJjYXRlZ29yeV9pZCI6MiwiY292ZXJfcGljIjoiMTUzNjY1ODY1OS4wNDQ2OTkzLmpwZyIsIm5hbWUiOiJcdTY4ODVcdTgzZGNcdTYyNjNcdTgwODlcdTk5NmQiLCJwcmljZSI6MTkuMCwic3RhdHVzIjoxLCJjcmVhdGVfYXQiOiIyMDIwLTA3LTExIDIwOjM3OjM5IiwidXBkYXRlX2F0IjoiMjAyMC0wNy0yNSAyMToyMDozMCJ9LCI2Ijp7ImlkIjo2LCJzaG9wX2lkIjoxLCJjYXRlZ29yeV9pZCI6MiwiY292ZXJfcGljIjoiMTUzNjY1ODgyNC4zOTc2NTA1LmpwZyIsIm5hbWUiOiJcdTY3MjhcdTk4N2JcdTgwODlcdTk5NmQiLCJwcmljZSI6MTYuMCwic3RhdHVzIjoxLCJjcmVhdGVfYXQiOiIyMDIwLTA3LTExIDIwOjQwOjI0IiwidXBkYXRlX2F0IjoiMjAyMC0wNy0yNSAyMToyMDozMCJ9LCI3Ijp7ImlkIjo3LCJzaG9wX2lkIjoxLCJjYXRlZ29yeV9pZCI6MiwiY292ZXJfcGljIjoiMTUzNjY1ODg2My42NzMyODU1LmpwZyIsIm5hbWUiOiJcdTgwYTVcdTcyNWJcdTk5NmQiLCJwcmljZSI6MTkuMCwic3RhdHVzIjoxLCJjcmVhdGVfYXQiOiIyMDIwLTA3LTExIDIwOjQxOjAzIiwidXBkYXRlX2F0IjoiMjAyMC0wNy0yNSAyMToyMDozMCJ9LCI4Ijp7ImlkIjo4LCJzaG9wX2lkIjoxLCJjYXRlZ29yeV9pZCI6MiwiY292ZXJfcGljIjoiMTUzNjY1ODk2MC4zOTU0MTM0LmpwZyIsIm5hbWUiOiJcdTY1ZTBcdTlhYThcdTU0OTZcdTU1YjFcdTllMjFcdTk5NmQiLCJwcmljZSI6MTguMCwic3RhdHVzIjoxLCJjcmVhdGVfYXQiOiIyMDIwLTA3LTExIDIwOjQyOjQwIiwidXBkYXRlX2F0IjoiMjAyMC0wNy0yNSAyMToyMDozMCJ9LCI5Ijp7ImlkIjo5LCJzaG9wX2lkIjoxLCJjYXRlZ29yeV9pZCI6MywiY292ZXJfcGljIjoiMTUzNjY1OTExNC4wNDQwMjM1LmpwZyIsIm5hbWUiOiJcdTY3MjhcdTk4N2JcdTgwODkiLCJwcmljZSI6MTIuMCwic3RhdHVzIjoxLCJjcmVhdGVfYXQiOiIyMDIwLTA3LTExIDIwOjQ0OjI1IiwidXBkYXRlX2F0IjoiMjAyMC0wNy0yNSAyMToyMDozMCJ9LCIxMCI6eyJpZCI6MTAsInNob3BfaWQiOjEsImNhdGVnb3J5X2lkIjozLCJjb3Zlcl9waWMiOiIxNTM2NjU5MDY1Ljc5NzI2MzcuanBnIiwibmFtZSI6Ilx1NzU2YVx1ODMwNFx1OWUyMVx1ODZjYiIsInByaWNlIjo0LjAsInN0YXR1cyI6MSwiY3JlYXRlX2F0IjoiMjAyMC0wNy0xMSAyMDo0NToxNCIsInVwZGF0ZV9hdCI6IjIwMjAtMDctMjUgMjE6MjA6MzAifSwiMTEiOnsiaWQiOjExLCJzaG9wX2lkIjoxLCJjYXRlZ29yeV9pZCI6MywiY292ZXJfcGljIjoiMTUzNjY1OTE5Ny43MjMxMjIxLmpwZyIsIm5hbWUiOiJcdTk3NTJcdTgzZGMiLCJwcmljZSI6NC4wLCJzdGF0dXMiOjEsImNyZWF0ZV9hdCI6IjIwMjAtMDctMTEgMjA6NDY6MzciLCJ1cGRhdGVfYXQiOiIyMDIwLTA3LTI1IDIxOjIwOjMwIn0sIjEyIjp7ImlkIjoxMiwic2hvcF9pZCI6MSwiY2F0ZWdvcnlfaWQiOjMsImNvdmVyX3BpYyI6IjE1MzY2NTkyNTMuODg0MjcxNi5qcGciLCJuYW1lIjoiXHU1MzU1XHU0ZWZkXHU5OTk5XHU4ZmEzXHU3YjBiXHU1ZTcyXHU3MGU3XHU4MDg5IiwicHJpY2UiOjE1LjAsInN0YXR1cyI6MSwiY3JlYXRlX2F0IjoiMjAyMC0wNy0xMSAyMDo0NzozMyIsInVwZGF0ZV9hdCI6IjIwMjAtMDctMjUgMjE6MjA6MzAifSwiMTMiOnsiaWQiOjEzLCJzaG9wX2lkIjoxLCJjYXRlZ29yeV9pZCI6NCwiY292ZXJfcGljIjoiMTUzNjY1OTMxMS44Njk5NDkzLmpwZyIsIm5hbWUiOiJcdTc1NmFcdTgzMDRcdTg2Y2JcdTgyYjFcdTZjNjQiLCJwcmljZSI6NC4wLCJzdGF0dXMiOjEsImNyZWF0ZV9hdCI6IjIwMjAtMDctMTEgMjA6NDg6MzEiLCJ1cGRhdGVfYXQiOiIyMDIwLTA3LTI1IDIxOjIwOjMwIn0sIjE0Ijp7ImlkIjoxNCwic2hvcF9pZCI6MSwiY2F0ZWdvcnlfaWQiOjQsImNvdmVyX3BpYyI6IjE1MzY2NTkzNjQuNzg5MjUxMy5qcGciLCJuYW1lIjoiXHU3MzhiXHU4MDAxXHU1NDA5IiwicHJpY2UiOjYuMCwic3RhdHVzIjoxLCJjcmVhdGVfYXQiOiIyMDIwLTA3LTExIDIwOjQ5OjI0IiwidXBkYXRlX2F0IjoiMjAyMC0wNy0yNSAyMToyMDozMCJ9LCIxNSI6eyJpZCI6MTUsInNob3BfaWQiOjEsImNhdGVnb3J5X2lkIjo0LCJjb3Zlcl9waWMiOiIxNTM2NjU5NTYzLjM4OTc2NDguanBnIiwibmFtZSI6Ilx1Njc5Y1x1N2M5Mlx1NmE1OSIsInByaWNlIjo1LjAsInN0YXR1cyI6MSwiY3JlYXRlX2F0IjoiMjAyMC0wNy0xMSAyMDo1Mjo0MyIsInVwZGF0ZV9hdCI6IjIwMjAtMDctMjUgMjE6MjA6MzAifSwiMTYiOnsiaWQiOjE2LCJzaG9wX2lkIjoxLCJjYXRlZ29yeV9pZCI6NCwiY292ZXJfcGljIjoiMTUzNjY1OTYwNS41NTYxNzcxLmpwZyIsIm5hbWUiOiJcdTc3ZmZcdTZjYzlcdTZjMzQiLCJwcmljZSI6My4wLCJzdGF0dXMiOjEsImNyZWF0ZV9hdCI6IjIwMjAtMDctMTEgMjA6NTM6MjUiLCJ1cGRhdGVfYXQiOiIyMDIwLTA3LTI1IDIxOjIwOjMwIn0sIjE3Ijp7ImlkIjoxNywic2hvcF9pZCI6MSwiY2F0ZWdvcnlfaWQiOjQsImNvdmVyX3BpYyI6IjE1MzY2NTk2ODguNDg1NjE1Ny5qcGciLCJuYW1lIjoiXHU0ZTRjXHU2ODg1XHU2YzQxIiwicHJpY2UiOjQuMCwic3RhdHVzIjoxLCJjcmVhdGVfYXQiOiIyMDIwLTA3LTExIDIwOjU0OjQ4IiwidXBkYXRlX2F0IjoiMjAyMC0wNy0yNSAyMToyMDozMCJ9fSwidG90YWxfbW9uZXkiOjk0LjAsImNhcnRsaXN0Ijp7IjIiOnsiaWQiOjIsInNob3BfaWQiOjEsImNhdGVnb3J5X2lkIjoxLCJjb3Zlcl9waWMiOiIxNTM2NjU4MzUyLjkzNDE1NTcuanBnIiwibmFtZSI6Ilx1N2VhMlx1NzBlN1x1ODA4OStcdTc1NmFcdTgzMDRcdTllMjFcdTg2Y2IiLCJwcmljZSI6MjIuMCwic3RhdHVzIjoxLCJjcmVhdGVfYXQiOiIyMDIwLTA3LTExIDIwOjMyOjMyIiwidXBkYXRlX2F0IjoiMjAyMC0wNy0yNSAyMToyMDozMCIsIm51bSI6Mn0sIjEiOnsiaWQiOjEsInNob3BfaWQiOjEsImNhdGVnb3J5X2lkIjoxLCJjb3Zlcl9waWMiOiIxNTM2NjU3NjIwLjU0ODU3MDQuanBnIiwibmFtZSI6Ilx1N2VhMlx1NzBlN1x1ODA4OStcdTcyZWVcdTViNTBcdTU5MzQrXHU5OTZlXHU2NTk5IiwicHJpY2UiOjI1LjAsInN0YXR1cyI6MSwiY3JlYXRlX2F0IjoiMjAyMC0wNy0xMSAyMDoyMDoyMCIsInVwZGF0ZV9hdCI6IjIwMjAtMDctMjUgMjE6MjA6MzAiLCJudW0iOjJ9fSwiYWRtaW51c2VyIjp7ImlkIjoxLCJ1c2VybmFtZSI6InpoYW5nc2FuIiwibmlja25hbWUiOiJKYWNrIiwicGFzc3dvcmRfaGFzaCI6IjFlMTkxZDg1MWIzYjQ5YTI0OGY0ZWE2MmY2YjA2NDEwIiwicGFzc3dvcmRfc2FsdCI6IjEyMzQ1NiIsInN0YXR1cyI6NiwiY3JlYXRlX2F0IjoiMjAyMC0wNy0wOSAwNToxODoxOCIsInVwZGF0ZV9hdCI6IjIwMjItMDMtMDkgMjI6NTM6MzQifX0=', '2022-03-30 23:14:07.925345-03');
INSERT INTO "public"."django_session" VALUES ('c1e8xs65pc0tgc0cmxqnc3m2scpe1g13', 'MjgwNWViMjdhZWVlZTI4OTMwMzViZWU5NmFlMDY1MDdjYzk0YjMxNzp7InZlcmlmeWNvZGUiOiI0MzQ5IiwiYWRtaW51c2VyIjp7ImlkIjoxLCJ1c2VybmFtZSI6InpoYW5nc2FuIiwibmlja25hbWUiOiJKYWNrIiwicGFzc3dvcmRfaGFzaCI6IjFlMTkxZDg1MWIzYjQ5YTI0OGY0ZWE2MmY2YjA2NDEwIiwicGFzc3dvcmRfc2FsdCI6IjEyMzQ1NiIsInN0YXR1cyI6NiwiY3JlYXRlX2F0IjoiMjAyMC0wNy0wOSAwNToxODoxOCIsInVwZGF0ZV9hdCI6IjIwMjItMDMtMDkgMjI6NTM6MzQifSwidG90YWxfbW9uZXkiOjB9', '2022-04-08 02:25:34.241083-03');
INSERT INTO "public"."django_session" VALUES ('274x4g91og793snmzjmiuib5rhlhgcer', 'NjY2ZWFhMTU2NzdkYzFiOTljYjAwMGE3ZjJkNTY5MzY2Yjc1OTY5Yzp7InZlcmlmeWNvZGUiOiI1NDgxIn0=', '2022-04-08 11:59:44.213292-03');
INSERT INTO "public"."django_session" VALUES ('e6ygbgi82xm33igodtt1fpiesgx0e21b', 'NGZmMDZiOTIzOTJiZDI5NTAwYTY4ODU4YWU1OWI4NjUzNzIxMmMxMTp7InZlcmlmeWNvZGUiOiIyODA2IiwiYWRtaW51c2VyIjp7ImlkIjoxLCJ1c2VybmFtZSI6InpoYW5nc2FuIiwibmlja25hbWUiOiJKYWNrIiwicGFzc3dvcmRfaGFzaCI6IjFlMTkxZDg1MWIzYjQ5YTI0OGY0ZWE2MmY2YjA2NDEwIiwicGFzc3dvcmRfc2FsdCI6IjEyMzQ1NiIsInN0YXR1cyI6NiwiY3JlYXRlX2F0IjoiMjAyMC0wNy0wOSAwNToxODoxOCIsInVwZGF0ZV9hdCI6IjIwMjItMDMtMDkgMjI6NTM6MzQifX0=', '2022-04-08 12:00:20.501291-03');
INSERT INTO "public"."django_session" VALUES ('wtxjsfhczpcp5h90qh8hrtp6otq5dyj9', 'ZTlmYWJiODFkYjkwYmRkMjQ4NmI3NTZlYjFhNWVjNzRkZTk3MjE3ODp7InRvdGFsX21vbmV5IjowfQ==', '2022-04-10 23:07:47.972966-03');
INSERT INTO "public"."django_session" VALUES ('gwmjex2lpfke1tzoc2c6b86ss8msprul', 'MTg5NjM1N2JjOGU0M2E3NWJiYzVlOTM1MDVmYTE1Y2VkNWVjMGNmODp7InRvdGFsX21vbmV5IjowLCJ2ZXJpZnljb2RlIjoiMzQyOCJ9', '2022-04-14 09:09:49.244919-03');
INSERT INTO "public"."django_session" VALUES ('9n8skqz9jhjwm6suwl6a79pq2osodivd', 'OWMwMTNhODc5NjAxMzdjN2QwMWI4ZTgxZjY5NmVhMGU2ZjVjMTVmMDp7InZlcmlmeWNvZGUiOiI2NTEzIiwiYWRtaW51c2VyIjp7ImlkIjoxLCJ1c2VybmFtZSI6InpoYW5nc2FuIiwibmlja25hbWUiOiJKYWNrIiwicGFzc3dvcmRfaGFzaCI6IjFlMTkxZDg1MWIzYjQ5YTI0OGY0ZWE2MmY2YjA2NDEwIiwicGFzc3dvcmRfc2FsdCI6IjEyMzQ1NiIsInN0YXR1cyI6NiwiY3JlYXRlX2F0IjoiMjAyMC0wNy0wOSAwNToxODoxOCIsInVwZGF0ZV9hdCI6IjIwMjItMDMtMDkgMjI6NTM6MzQifX0=', '2022-04-11 23:06:38.088918-03');
INSERT INTO "public"."django_session" VALUES ('litt9vn4a8r6rap4fyafpiq67qytfh30', 'M2ZlMTM4YzVkNmQ1MzM0YmI5NmU2Y2RhMjIxNTI5NzNhMGQxMjExYzp7InRvdGFsX21vbmV5IjowLCJ2ZXJpZnljb2RlIjoiOTU2NSJ9', '2022-04-14 08:31:26.282066-03');
INSERT INTO "public"."django_session" VALUES ('ybrndolsepu80asr5etjxglm07jmyg3x', 'YzQ3MzgyODY1YjE2ZTA2NjFmOTI3ZWI4OWUxMGNlMDc1NTYwZDc3Yzp7InZlcmlmeWNvZGUiOiIxODY4IiwiYWRtaW51c2VyIjp7ImlkIjoxLCJ1c2VybmFtZSI6InpoYW5nc2FuIiwibmlja25hbWUiOiJKYWNrIiwicGFzc3dvcmRfaGFzaCI6IjFlMTkxZDg1MWIzYjQ5YTI0OGY0ZWE2MmY2YjA2NDEwIiwicGFzc3dvcmRfc2FsdCI6IjEyMzQ1NiIsInN0YXR1cyI6NiwiY3JlYXRlX2F0IjoiMjAyMC0wNy0wOSAwNToxODoxOCIsInVwZGF0ZV9hdCI6IjIwMjItMDMtMDkgMjI6NTM6MzQifX0=', '2022-04-11 23:11:10.858546-03');
INSERT INTO "public"."django_session" VALUES ('smzdg8p66ex626b1hewj0tgob5ozuky7', 'OTAwMTA1NDg5MTBhOGQ2OTlkZmYwMzRhYzE3ZjE0ODA4MGJhNmU3YTp7InZlcmlmeWNvZGUiOiI0MzYzIiwiYWRtaW51c2VyIjp7ImlkIjoxLCJ1c2VybmFtZSI6InpoYW5nc2FuIiwibmlja25hbWUiOiJKYWNrIiwicGFzc3dvcmRfaGFzaCI6IjFlMTkxZDg1MWIzYjQ5YTI0OGY0ZWE2MmY2YjA2NDEwIiwicGFzc3dvcmRfc2FsdCI6IjEyMzQ1NiIsInN0YXR1cyI6NiwiY3JlYXRlX2F0IjoiMjAyMC0wNy0wOSAwNToxODoxOCIsInVwZGF0ZV9hdCI6IjIwMjItMDMtMDkgMjI6NTM6MzQifX0=', '2022-04-11 23:03:48.805833-03');
INSERT INTO "public"."django_session" VALUES ('mk5d8gid4szjztlh7y6awu1yoyoe00gt', 'MGZlNDcxZGMwZjk4ZGEwOGU0YWMwYjExM2Q0MDM2MTE0MmYyMGJhZjp7InZlcmlmeWNvZGUiOiI4NDUxIn0=', '2022-04-11 23:04:55.906669-03');
INSERT INTO "public"."django_session" VALUES ('0u1vdsi5oqjru5w3mkmfy12l9ialy0px', 'NTQ3NWM3NTgwMjc0OWYxNDExZjk5ZWU4Njc5YWU1NDUwOTRlNzRhMjp7InZlcmlmeWNvZGUiOiIyNTAwIn0=', '2022-04-11 23:05:05.768409-03');
INSERT INTO "public"."django_session" VALUES ('6bjugs1ejgfmo3698pr2o0bjs24fdhez', 'ZTQ5YzIwODEzZTBmM2FiMjdiZjc1NDIxM2FlNjE1ZDczOTY5ZmVmMzp7InZlcmlmeWNvZGUiOiIyOTg5IiwiYWRtaW51c2VyIjp7ImlkIjoxLCJ1c2VybmFtZSI6InpoYW5nc2FuIiwibmlja25hbWUiOiJKYWNrIiwicGFzc3dvcmRfaGFzaCI6IjFlMTkxZDg1MWIzYjQ5YTI0OGY0ZWE2MmY2YjA2NDEwIiwicGFzc3dvcmRfc2FsdCI6IjEyMzQ1NiIsInN0YXR1cyI6NiwiY3JlYXRlX2F0IjoiMjAyMC0wNy0wOSAwNToxODoxOCIsInVwZGF0ZV9hdCI6IjIwMjItMDMtMDkgMjI6NTM6MzQifX0=', '2022-04-11 23:07:18.613855-03');
INSERT INTO "public"."django_session" VALUES ('38an51jnid6ybt1e0irxew9ny55fmxvf', 'ODdkYTBlMDFkZmNlNzFlNzNjY2I3ZmY3OWZmNzEyZjNkMDY0YjdkZTp7InZlcmlmeWNvZGUiOiIwNTQxIiwiYWRtaW51c2VyIjp7ImlkIjoxLCJ1c2VybmFtZSI6InpoYW5nc2FuIiwibmlja25hbWUiOiJcdTVmMjBcdTRlMDlcdTRlMzAiLCJwYXNzd29yZF9oYXNoIjoiMWUxOTFkODUxYjNiNDlhMjQ4ZjRlYTYyZjZiMDY0MTAiLCJwYXNzd29yZF9zYWx0IjoiMTIzNDU2Iiwic3RhdHVzIjo2LCJjcmVhdGVfYXQiOiIyMDIwLTA3LTA5IDA1OjE4OjE4IiwidXBkYXRlX2F0IjoiMjAyMi0wMy0wOSAyMjo1MzozNCJ9LCJzaG9waW5mbyI6eyJpZCI6MSwibmFtZSI6Ilx1NzUzMFx1ODAwMVx1NWUwOFx1N2VhMlx1NzBlN1x1ODA4OSIsInNob3AiOiJcdTY3MWRcdTk2MzNcdTVjMDZcdTUzZjBcdThkZWZcdTVlOTciLCJjb3Zlcl9waWMiOiIxMjM0MTIzNC5qcGciLCJiYW5uZXJfcGljIjoibGcuanBnIiwiYWRkcmVzcyI6Ilx1NTMxN1x1NGVhY1x1NWUwMlx1NjcxZFx1OTYzM1x1NTMzYVx1NWMwNlx1NTNmMFx1NGU2MVx1NGUxY1x1NTE2Ylx1OTVmNFx1NjIzZlx1Njc1MVx1ODk3Zlx1NGUzNDhcdTUzZjciLCJwaG9uZSI6IjEyMzQ1Njc4OTA1Iiwic3RhdHVzIjoxLCJjcmVhdGVfYXQiOiIyMDIwLTA3LTIwIDIxOjEyOjM0IiwidXBkYXRlX2F0IjoiMjAyMC0wNy0yNCAyMzozNDo1NiJ9LCJjYXRlZ29yeWxpc3QiOnsiMSI6eyJpZCI6MSwibmFtZSI6Ilx1NTNjY1x1NjJmY1x1NTk1N1x1OTkxMCIsInBpZHMiOlt7ImlkIjoxLCJzaG9wX2lkIjoxLCJjYXRlZ29yeV9pZCI6MSwiY292ZXJfcGljIjoiMTUzNjY1NzYyMC41NDg1NzA0LmpwZyIsIm5hbWUiOiJcdTdlYTJcdTcwZTdcdTgwODkrXHU3MmVlXHU1YjUwXHU1OTM0K1x1OTk2ZVx1NjU5OSIsInByaWNlIjoyNS4wLCJzdGF0dXMiOjEsImNyZWF0ZV9hdCI6IjIwMjAtMDctMTEgMjA6MjA6MjAiLCJ1cGRhdGVfYXQiOiIyMDIwLTA3LTI1IDIxOjIwOjMwIn0seyJpZCI6Miwic2hvcF9pZCI6MSwiY2F0ZWdvcnlfaWQiOjEsImNvdmVyX3BpYyI6IjE1MzY2NTgzNTIuOTM0MTU1Ny5qcGciLCJuYW1lIjoiXHU3ZWEyXHU3MGU3XHU4MDg5K1x1NzU2YVx1ODMwNFx1OWUyMVx1ODZjYiIsInByaWNlIjoyMi4wLCJzdGF0dXMiOjEsImNyZWF0ZV9hdCI6IjIwMjAtMDctMTEgMjA6MzI6MzIiLCJ1cGRhdGVfYXQiOiIyMDIwLTA3LTI1IDIxOjIwOjMwIn0seyJpZCI6Mywic2hvcF9pZCI6MSwiY2F0ZWdvcnlfaWQiOjEsImNvdmVyX3BpYyI6IjE1MzY2NTg0MTUuNjgzODAwMi5qcGciLCJuYW1lIjoiXHU2ODg1XHU4M2RjXHU2MjYzXHU4MDg5K1x1NzU2YVx1ODMwNFx1OWUyMVx1ODZjYiIsInByaWNlIjoyMi4wLCJzdGF0dXMiOjEsImNyZWF0ZV9hdCI6IjIwMjAtMDctMTEgMjA6MzM6MzUiLCJ1cGRhdGVfYXQiOiIyMDIwLTA3LTI1IDIxOjIwOjMwIn0seyJpZCI6NCwic2hvcF9pZCI6MSwiY2F0ZWdvcnlfaWQiOjEsImNvdmVyX3BpYyI6IjE1MzY2NTg1NzQuMjg0NzM3My5qcGciLCJuYW1lIjoiXHU4MGE1XHU3MjViK1x1NzU2YVx1ODMwNFx1OWUyMVx1ODZjYiIsInByaWNlIjoyMi4wLCJzdGF0dXMiOjEsImNyZWF0ZV9hdCI6IjIwMjAtMDctMTEgMjA6MzY6MTQiLCJ1cGRhdGVfYXQiOiIyMDIwLTA3LTI1IDIxOjIwOjMwIn1dfSwiMiI6eyJpZCI6MiwibmFtZSI6Ilx1NzZkNlx1OTk2ZCIsInBpZHMiOlt7ImlkIjo1LCJzaG9wX2lkIjoxLCJjYXRlZ29yeV9pZCI6MiwiY292ZXJfcGljIjoiMTUzNjY1ODY1OS4wNDQ2OTkzLmpwZyIsIm5hbWUiOiJcdTY4ODVcdTgzZGNcdTYyNjNcdTgwODlcdTk5NmQiLCJwcmljZSI6MTkuMCwic3RhdHVzIjoxLCJjcmVhdGVfYXQiOiIyMDIwLTA3LTExIDIwOjM3OjM5IiwidXBkYXRlX2F0IjoiMjAyMC0wNy0yNSAyMToyMDozMCJ9LHsiaWQiOjYsInNob3BfaWQiOjEsImNhdGVnb3J5X2lkIjoyLCJjb3Zlcl9waWMiOiIxNTM2NjU4ODI0LjM5NzY1MDUuanBnIiwibmFtZSI6Ilx1NjcyOFx1OTg3Ylx1ODA4OVx1OTk2ZCIsInByaWNlIjoxNi4wLCJzdGF0dXMiOjEsImNyZWF0ZV9hdCI6IjIwMjAtMDctMTEgMjA6NDA6MjQiLCJ1cGRhdGVfYXQiOiIyMDIwLTA3LTI1IDIxOjIwOjMwIn0seyJpZCI6Nywic2hvcF9pZCI6MSwiY2F0ZWdvcnlfaWQiOjIsImNvdmVyX3BpYyI6IjE1MzY2NTg4NjMuNjczMjg1NS5qcGciLCJuYW1lIjoiXHU4MGE1XHU3MjViXHU5OTZkIiwicHJpY2UiOjE5LjAsInN0YXR1cyI6MSwiY3JlYXRlX2F0IjoiMjAyMC0wNy0xMSAyMDo0MTowMyIsInVwZGF0ZV9hdCI6IjIwMjAtMDctMjUgMjE6MjA6MzAifSx7ImlkIjo4LCJzaG9wX2lkIjoxLCJjYXRlZ29yeV9pZCI6MiwiY292ZXJfcGljIjoiMTUzNjY1ODk2MC4zOTU0MTM0LmpwZyIsIm5hbWUiOiJcdTY1ZTBcdTlhYThcdTU0OTZcdTU1YjFcdTllMjFcdTk5NmQiLCJwcmljZSI6MTguMCwic3RhdHVzIjoxLCJjcmVhdGVfYXQiOiIyMDIwLTA3LTExIDIwOjQyOjQwIiwidXBkYXRlX2F0IjoiMjAyMC0wNy0yNSAyMToyMDozMCJ9XX0sIjMiOnsiaWQiOjMsIm5hbWUiOiJcdTVjMGZcdTgzZGMiLCJwaWRzIjpbeyJpZCI6OSwic2hvcF9pZCI6MSwiY2F0ZWdvcnlfaWQiOjMsImNvdmVyX3BpYyI6IjE1MzY2NTkxMTQuMDQ0MDIzNS5qcGciLCJuYW1lIjoiXHU2NzI4XHU5ODdiXHU4MDg5IiwicHJpY2UiOjEyLjAsInN0YXR1cyI6MSwiY3JlYXRlX2F0IjoiMjAyMC0wNy0xMSAyMDo0NDoyNSIsInVwZGF0ZV9hdCI6IjIwMjAtMDctMjUgMjE6MjA6MzAifSx7ImlkIjoxMCwic2hvcF9pZCI6MSwiY2F0ZWdvcnlfaWQiOjMsImNvdmVyX3BpYyI6IjE1MzY2NTkwNjUuNzk3MjYzNy5qcGciLCJuYW1lIjoiXHU3NTZhXHU4MzA0XHU5ZTIxXHU4NmNiIiwicHJpY2UiOjQuMCwic3RhdHVzIjoxLCJjcmVhdGVfYXQiOiIyMDIwLTA3LTExIDIwOjQ1OjE0IiwidXBkYXRlX2F0IjoiMjAyMC0wNy0yNSAyMToyMDozMCJ9LHsiaWQiOjExLCJzaG9wX2lkIjoxLCJjYXRlZ29yeV9pZCI6MywiY292ZXJfcGljIjoiMTUzNjY1OTE5Ny43MjMxMjIxLmpwZyIsIm5hbWUiOiJcdTk3NTJcdTgzZGMiLCJwcmljZSI6NC4wLCJzdGF0dXMiOjEsImNyZWF0ZV9hdCI6IjIwMjAtMDctMTEgMjA6NDY6MzciLCJ1cGRhdGVfYXQiOiIyMDIwLTA3LTI1IDIxOjIwOjMwIn0seyJpZCI6MTIsInNob3BfaWQiOjEsImNhdGVnb3J5X2lkIjozLCJjb3Zlcl9waWMiOiIxNTM2NjU5MjUzLjg4NDI3MTYuanBnIiwibmFtZSI6Ilx1NTM1NVx1NGVmZFx1OTk5OVx1OGZhM1x1N2IwYlx1NWU3Mlx1NzBlN1x1ODA4OSIsInByaWNlIjoxNS4wLCJzdGF0dXMiOjEsImNyZWF0ZV9hdCI6IjIwMjAtMDctMTEgMjA6NDc6MzMiLCJ1cGRhdGVfYXQiOiIyMDIwLTA3LTI1IDIxOjIwOjMwIn1dfSwiNCI6eyJpZCI6NCwibmFtZSI6Ilx1NmM2NC9cdTk5NmVcdTY1OTkiLCJwaWRzIjpbeyJpZCI6MTMsInNob3BfaWQiOjEsImNhdGVnb3J5X2lkIjo0LCJjb3Zlcl9waWMiOiIxNTM2NjU5MzExLjg2OTk0OTMuanBnIiwibmFtZSI6Ilx1NzU2YVx1ODMwNFx1ODZjYlx1ODJiMVx1NmM2NCIsInByaWNlIjo0LjAsInN0YXR1cyI6MSwiY3JlYXRlX2F0IjoiMjAyMC0wNy0xMSAyMDo0ODozMSIsInVwZGF0ZV9hdCI6IjIwMjAtMDctMjUgMjE6MjA6MzAifSx7ImlkIjoxNCwic2hvcF9pZCI6MSwiY2F0ZWdvcnlfaWQiOjQsImNvdmVyX3BpYyI6IjE1MzY2NTkzNjQuNzg5MjUxMy5qcGciLCJuYW1lIjoiXHU3MzhiXHU4MDAxXHU1NDA5IiwicHJpY2UiOjYuMCwic3RhdHVzIjoxLCJjcmVhdGVfYXQiOiIyMDIwLTA3LTExIDIwOjQ5OjI0IiwidXBkYXRlX2F0IjoiMjAyMC0wNy0yNSAyMToyMDozMCJ9LHsiaWQiOjE1LCJzaG9wX2lkIjoxLCJjYXRlZ29yeV9pZCI6NCwiY292ZXJfcGljIjoiMTUzNjY1OTU2My4zODk3NjQ4LmpwZyIsIm5hbWUiOiJcdTY3OWNcdTdjOTJcdTZhNTkiLCJwcmljZSI6NS4wLCJzdGF0dXMiOjEsImNyZWF0ZV9hdCI6IjIwMjAtMDctMTEgMjA6NTI6NDMiLCJ1cGRhdGVfYXQiOiIyMDIwLTA3LTI1IDIxOjIwOjMwIn0seyJpZCI6MTYsInNob3BfaWQiOjEsImNhdGVnb3J5X2lkIjo0LCJjb3Zlcl9waWMiOiIxNTM2NjU5NjA1LjU1NjE3NzEuanBnIiwibmFtZSI6Ilx1NzdmZlx1NmNjOVx1NmMzNCIsInByaWNlIjozLjAsInN0YXR1cyI6MSwiY3JlYXRlX2F0IjoiMjAyMC0wNy0xMSAyMDo1MzoyNSIsInVwZGF0ZV9hdCI6IjIwMjAtMDctMjUgMjE6MjA6MzAifSx7ImlkIjoxNywic2hvcF9pZCI6MSwiY2F0ZWdvcnlfaWQiOjQsImNvdmVyX3BpYyI6IjE1MzY2NTk2ODguNDg1NjE1Ny5qcGciLCJuYW1lIjoiXHU0ZTRjXHU2ODg1XHU2YzQxIiwicHJpY2UiOjQuMCwic3RhdHVzIjoxLCJjcmVhdGVfYXQiOiIyMDIwLTA3LTExIDIwOjU0OjQ4IiwidXBkYXRlX2F0IjoiMjAyMC0wNy0yNSAyMToyMDozMCJ9XX19LCJwcm9kdWN0bGlzdCI6eyIxIjp7ImlkIjoxLCJzaG9wX2lkIjoxLCJjYXRlZ29yeV9pZCI6MSwiY292ZXJfcGljIjoiMTUzNjY1NzYyMC41NDg1NzA0LmpwZyIsIm5hbWUiOiJcdTdlYTJcdTcwZTdcdTgwODkrXHU3MmVlXHU1YjUwXHU1OTM0K1x1OTk2ZVx1NjU5OSIsInByaWNlIjoyNS4wLCJzdGF0dXMiOjEsImNyZWF0ZV9hdCI6IjIwMjAtMDctMTEgMjA6MjA6MjAiLCJ1cGRhdGVfYXQiOiIyMDIwLTA3LTI1IDIxOjIwOjMwIn0sIjIiOnsiaWQiOjIsInNob3BfaWQiOjEsImNhdGVnb3J5X2lkIjoxLCJjb3Zlcl9waWMiOiIxNTM2NjU4MzUyLjkzNDE1NTcuanBnIiwibmFtZSI6Ilx1N2VhMlx1NzBlN1x1ODA4OStcdTc1NmFcdTgzMDRcdTllMjFcdTg2Y2IiLCJwcmljZSI6MjIuMCwic3RhdHVzIjoxLCJjcmVhdGVfYXQiOiIyMDIwLTA3LTExIDIwOjMyOjMyIiwidXBkYXRlX2F0IjoiMjAyMC0wNy0yNSAyMToyMDozMCJ9LCIzIjp7ImlkIjozLCJzaG9wX2lkIjoxLCJjYXRlZ29yeV9pZCI6MSwiY292ZXJfcGljIjoiMTUzNjY1ODQxNS42ODM4MDAyLmpwZyIsIm5hbWUiOiJcdTY4ODVcdTgzZGNcdTYyNjNcdTgwODkrXHU3NTZhXHU4MzA0XHU5ZTIxXHU4NmNiIiwicHJpY2UiOjIyLjAsInN0YXR1cyI6MSwiY3JlYXRlX2F0IjoiMjAyMC0wNy0xMSAyMDozMzozNSIsInVwZGF0ZV9hdCI6IjIwMjAtMDctMjUgMjE6MjA6MzAifSwiNCI6eyJpZCI6NCwic2hvcF9pZCI6MSwiY2F0ZWdvcnlfaWQiOjEsImNvdmVyX3BpYyI6IjE1MzY2NTg1NzQuMjg0NzM3My5qcGciLCJuYW1lIjoiXHU4MGE1XHU3MjViK1x1NzU2YVx1ODMwNFx1OWUyMVx1ODZjYiIsInByaWNlIjoyMi4wLCJzdGF0dXMiOjEsImNyZWF0ZV9hdCI6IjIwMjAtMDctMTEgMjA6MzY6MTQiLCJ1cGRhdGVfYXQiOiIyMDIwLTA3LTI1IDIxOjIwOjMwIn0sIjUiOnsiaWQiOjUsInNob3BfaWQiOjEsImNhdGVnb3J5X2lkIjoyLCJjb3Zlcl9waWMiOiIxNTM2NjU4NjU5LjA0NDY5OTMuanBnIiwibmFtZSI6Ilx1Njg4NVx1ODNkY1x1NjI2M1x1ODA4OVx1OTk2ZCIsInByaWNlIjoxOS4wLCJzdGF0dXMiOjEsImNyZWF0ZV9hdCI6IjIwMjAtMDctMTEgMjA6Mzc6MzkiLCJ1cGRhdGVfYXQiOiIyMDIwLTA3LTI1IDIxOjIwOjMwIn0sIjYiOnsiaWQiOjYsInNob3BfaWQiOjEsImNhdGVnb3J5X2lkIjoyLCJjb3Zlcl9waWMiOiIxNTM2NjU4ODI0LjM5NzY1MDUuanBnIiwibmFtZSI6Ilx1NjcyOFx1OTg3Ylx1ODA4OVx1OTk2ZCIsInByaWNlIjoxNi4wLCJzdGF0dXMiOjEsImNyZWF0ZV9hdCI6IjIwMjAtMDctMTEgMjA6NDA6MjQiLCJ1cGRhdGVfYXQiOiIyMDIwLTA3LTI1IDIxOjIwOjMwIn0sIjciOnsiaWQiOjcsInNob3BfaWQiOjEsImNhdGVnb3J5X2lkIjoyLCJjb3Zlcl9waWMiOiIxNTM2NjU4ODYzLjY3MzI4NTUuanBnIiwibmFtZSI6Ilx1ODBhNVx1NzI1Ylx1OTk2ZCIsInByaWNlIjoxOS4wLCJzdGF0dXMiOjEsImNyZWF0ZV9hdCI6IjIwMjAtMDctMTEgMjA6NDE6MDMiLCJ1cGRhdGVfYXQiOiIyMDIwLTA3LTI1IDIxOjIwOjMwIn0sIjgiOnsiaWQiOjgsInNob3BfaWQiOjEsImNhdGVnb3J5X2lkIjoyLCJjb3Zlcl9waWMiOiIxNTM2NjU4OTYwLjM5NTQxMzQuanBnIiwibmFtZSI6Ilx1NjVlMFx1OWFhOFx1NTQ5Nlx1NTViMVx1OWUyMVx1OTk2ZCIsInByaWNlIjoxOC4wLCJzdGF0dXMiOjEsImNyZWF0ZV9hdCI6IjIwMjAtMDctMTEgMjA6NDI6NDAiLCJ1cGRhdGVfYXQiOiIyMDIwLTA3LTI1IDIxOjIwOjMwIn0sIjkiOnsiaWQiOjksInNob3BfaWQiOjEsImNhdGVnb3J5X2lkIjozLCJjb3Zlcl9waWMiOiIxNTM2NjU5MTE0LjA0NDAyMzUuanBnIiwibmFtZSI6Ilx1NjcyOFx1OTg3Ylx1ODA4OSIsInByaWNlIjoxMi4wLCJzdGF0dXMiOjEsImNyZWF0ZV9hdCI6IjIwMjAtMDctMTEgMjA6NDQ6MjUiLCJ1cGRhdGVfYXQiOiIyMDIwLTA3LTI1IDIxOjIwOjMwIn0sIjEwIjp7ImlkIjoxMCwic2hvcF9pZCI6MSwiY2F0ZWdvcnlfaWQiOjMsImNvdmVyX3BpYyI6IjE1MzY2NTkwNjUuNzk3MjYzNy5qcGciLCJuYW1lIjoiXHU3NTZhXHU4MzA0XHU5ZTIxXHU4NmNiIiwicHJpY2UiOjQuMCwic3RhdHVzIjoxLCJjcmVhdGVfYXQiOiIyMDIwLTA3LTExIDIwOjQ1OjE0IiwidXBkYXRlX2F0IjoiMjAyMC0wNy0yNSAyMToyMDozMCJ9LCIxMSI6eyJpZCI6MTEsInNob3BfaWQiOjEsImNhdGVnb3J5X2lkIjozLCJjb3Zlcl9waWMiOiIxNTM2NjU5MTk3LjcyMzEyMjEuanBnIiwibmFtZSI6Ilx1OTc1Mlx1ODNkYyIsInByaWNlIjo0LjAsInN0YXR1cyI6MSwiY3JlYXRlX2F0IjoiMjAyMC0wNy0xMSAyMDo0NjozNyIsInVwZGF0ZV9hdCI6IjIwMjAtMDctMjUgMjE6MjA6MzAifSwiMTIiOnsiaWQiOjEyLCJzaG9wX2lkIjoxLCJjYXRlZ29yeV9pZCI6MywiY292ZXJfcGljIjoiMTUzNjY1OTI1My44ODQyNzE2LmpwZyIsIm5hbWUiOiJcdTUzNTVcdTRlZmRcdTk5OTlcdThmYTNcdTdiMGJcdTVlNzJcdTcwZTdcdTgwODkiLCJwcmljZSI6MTUuMCwic3RhdHVzIjoxLCJjcmVhdGVfYXQiOiIyMDIwLTA3LTExIDIwOjQ3OjMzIiwidXBkYXRlX2F0IjoiMjAyMC0wNy0yNSAyMToyMDozMCJ9LCIxMyI6eyJpZCI6MTMsInNob3BfaWQiOjEsImNhdGVnb3J5X2lkIjo0LCJjb3Zlcl9waWMiOiIxNTM2NjU5MzExLjg2OTk0OTMuanBnIiwibmFtZSI6Ilx1NzU2YVx1ODMwNFx1ODZjYlx1ODJiMVx1NmM2NCIsInByaWNlIjo0LjAsInN0YXR1cyI6MSwiY3JlYXRlX2F0IjoiMjAyMC0wNy0xMSAyMDo0ODozMSIsInVwZGF0ZV9hdCI6IjIwMjAtMDctMjUgMjE6MjA6MzAifSwiMTQiOnsiaWQiOjE0LCJzaG9wX2lkIjoxLCJjYXRlZ29yeV9pZCI6NCwiY292ZXJfcGljIjoiMTUzNjY1OTM2NC43ODkyNTEzLmpwZyIsIm5hbWUiOiJcdTczOGJcdTgwMDFcdTU0MDkiLCJwcmljZSI6Ni4wLCJzdGF0dXMiOjEsImNyZWF0ZV9hdCI6IjIwMjAtMDctMTEgMjA6NDk6MjQiLCJ1cGRhdGVfYXQiOiIyMDIwLTA3LTI1IDIxOjIwOjMwIn0sIjE1Ijp7ImlkIjoxNSwic2hvcF9pZCI6MSwiY2F0ZWdvcnlfaWQiOjQsImNvdmVyX3BpYyI6IjE1MzY2NTk1NjMuMzg5NzY0OC5qcGciLCJuYW1lIjoiXHU2NzljXHU3YzkyXHU2YTU5IiwicHJpY2UiOjUuMCwic3RhdHVzIjoxLCJjcmVhdGVfYXQiOiIyMDIwLTA3LTExIDIwOjUyOjQzIiwidXBkYXRlX2F0IjoiMjAyMC0wNy0yNSAyMToyMDozMCJ9LCIxNiI6eyJpZCI6MTYsInNob3BfaWQiOjEsImNhdGVnb3J5X2lkIjo0LCJjb3Zlcl9waWMiOiIxNTM2NjU5NjA1LjU1NjE3NzEuanBnIiwibmFtZSI6Ilx1NzdmZlx1NmNjOVx1NmMzNCIsInByaWNlIjozLjAsInN0YXR1cyI6MSwiY3JlYXRlX2F0IjoiMjAyMC0wNy0xMSAyMDo1MzoyNSIsInVwZGF0ZV9hdCI6IjIwMjAtMDctMjUgMjE6MjA6MzAifSwiMTciOnsiaWQiOjE3LCJzaG9wX2lkIjoxLCJjYXRlZ29yeV9pZCI6NCwiY292ZXJfcGljIjoiMTUzNjY1OTY4OC40ODU2MTU3LmpwZyIsIm5hbWUiOiJcdTRlNGNcdTY4ODVcdTZjNDEiLCJwcmljZSI6NC4wLCJzdGF0dXMiOjEsImNyZWF0ZV9hdCI6IjIwMjAtMDctMTEgMjA6NTQ6NDgiLCJ1cGRhdGVfYXQiOiIyMDIwLTA3LTI1IDIxOjIwOjMwIn19LCJ0b3RhbF9tb25leSI6MH0=', '2022-03-24 00:18:09.972593-03');
INSERT INTO "public"."django_session" VALUES ('e64whcpdfr1vdrbdhwgksxwe3t9fn3f5', 'OGU5MWU2ODA5OThhODE4OGIyOWY4MTU0MzcwZTI5Y2ZlNGE1MmZlYjp7InZlcmlmeWNvZGUiOiI0NTUwIn0=', '2022-04-11 23:10:42.805203-03');
INSERT INTO "public"."django_session" VALUES ('4c7mvhwr1p6nh9t6ow2q3yip0djzfrqp', 'ZjI0OTg3YTE1NzQ5MDg2ZmQzNDEyMjAxYjgyNTM1Zjc3MGYwNTdkNTp7InZlcmlmeWNvZGUiOiIyNjIyIn0=', '2022-04-11 23:06:11.279371-03');
INSERT INTO "public"."django_session" VALUES ('iin3vl05iy8eqjhf10bwfgxiz8gyavqr', 'NmRlNzE3M2I1YTMyODk5YTdjMTMzYjFkYzhlYmRmM2VlM2YwM2I1MTp7InZlcmlmeWNvZGUiOiIwNTU2IiwidG90YWxfbW9uZXkiOjI1LjAsIndlYnVzZXIiOnsiaWQiOjEsInVzZXJuYW1lIjoiemhhbmdzYW4iLCJuaWNrbmFtZSI6IkphY2siLCJwYXNzd29yZF9oYXNoIjoiMWUxOTFkODUxYjNiNDlhMjQ4ZjRlYTYyZjZiMDY0MTAiLCJwYXNzd29yZF9zYWx0IjoiMTIzNDU2Iiwic3RhdHVzIjo2LCJjcmVhdGVfYXQiOiIyMDIwLTA3LTA5IDA1OjE4OjE4IiwidXBkYXRlX2F0IjoiMjAyMi0wMy0wOSAyMjo1MzozNCJ9LCJzaG9waW5mbyI6eyJpZCI6MSwibmFtZSI6Ilx1NzUzMFx1ODAwMVx1NWUwOFx1N2VhMlx1NzBlN1x1ODA4OSIsInNob3AiOiJcdTY3MWRcdTk2MzNcdTVjMDZcdTUzZjBcdThkZWZcdTVlOTciLCJjb3Zlcl9waWMiOiIxMjM0MTIzNC5qcGciLCJiYW5uZXJfcGljIjoibGcuanBnIiwiYWRkcmVzcyI6Ilx1NTMxN1x1NGVhY1x1NWUwMlx1NjcxZFx1OTYzM1x1NTMzYVx1NWMwNlx1NTNmMFx1NGU2MVx1NGUxY1x1NTE2Ylx1OTVmNFx1NjIzZlx1Njc1MVx1ODk3Zlx1NGUzNDhcdTUzZjciLCJwaG9uZSI6IjEyMzQ1Njc4OTA1Iiwic3RhdHVzIjoxLCJjcmVhdGVfYXQiOiIyMDIwLTA3LTIwIDIxOjEyOjM0IiwidXBkYXRlX2F0IjoiMjAyMC0wNy0yNCAyMzozNDo1NiJ9LCJjYXRlZ29yeWxpc3QiOnsiMSI6eyJpZCI6MSwibmFtZSI6IkNvYXJzZSBBbm5vdGF0aW9ucyIsInBpZHMiOlt7ImlkIjoxLCJzaG9wX2lkIjoxLCJjYXRlZ29yeV9pZCI6MSwiY292ZXJfcGljIjoiMTUzNjY1NzYyMC41NDg1NzA0LmpwZyIsIm5hbWUiOiJcdTdlYTJcdTcwZTdcdTgwODkrXHU3MmVlXHU1YjUwXHU1OTM0K1x1OTk2ZVx1NjU5OSIsInByaWNlIjoyNS4wLCJzdGF0dXMiOjEsImNyZWF0ZV9hdCI6IjIwMjAtMDctMTEgMjA6MjA6MjAiLCJ1cGRhdGVfYXQiOiIyMDIwLTA3LTI1IDIxOjIwOjMwIn0seyJpZCI6Miwic2hvcF9pZCI6MSwiY2F0ZWdvcnlfaWQiOjEsImNvdmVyX3BpYyI6IjE1MzY2NTgzNTIuOTM0MTU1Ny5qcGciLCJuYW1lIjoiXHU3ZWEyXHU3MGU3XHU4MDg5K1x1NzU2YVx1ODMwNFx1OWUyMVx1ODZjYiIsInByaWNlIjoyMi4wLCJzdGF0dXMiOjEsImNyZWF0ZV9hdCI6IjIwMjAtMDctMTEgMjA6MzI6MzIiLCJ1cGRhdGVfYXQiOiIyMDIwLTA3LTI1IDIxOjIwOjMwIn0seyJpZCI6Mywic2hvcF9pZCI6MSwiY2F0ZWdvcnlfaWQiOjEsImNvdmVyX3BpYyI6IjE1MzY2NTg0MTUuNjgzODAwMi5qcGciLCJuYW1lIjoiXHU2ODg1XHU4M2RjXHU2MjYzXHU4MDg5K1x1NzU2YVx1ODMwNFx1OWUyMVx1ODZjYiIsInByaWNlIjoyMi4wLCJzdGF0dXMiOjEsImNyZWF0ZV9hdCI6IjIwMjAtMDctMTEgMjA6MzM6MzUiLCJ1cGRhdGVfYXQiOiIyMDIwLTA3LTI1IDIxOjIwOjMwIn0seyJpZCI6NCwic2hvcF9pZCI6MSwiY2F0ZWdvcnlfaWQiOjEsImNvdmVyX3BpYyI6IjE1MzY2NTg1NzQuMjg0NzM3My5qcGciLCJuYW1lIjoiXHU4MGE1XHU3MjViK1x1NzU2YVx1ODMwNFx1OWUyMVx1ODZjYiIsInByaWNlIjoyMi4wLCJzdGF0dXMiOjEsImNyZWF0ZV9hdCI6IjIwMjAtMDctMTEgMjA6MzY6MTQiLCJ1cGRhdGVfYXQiOiIyMDIwLTA3LTI1IDIxOjIwOjMwIn1dfSwiMiI6eyJpZCI6MiwibmFtZSI6IkRldGFpbGVkIEFubm90YXRpb25zIiwicGlkcyI6W3siaWQiOjUsInNob3BfaWQiOjEsImNhdGVnb3J5X2lkIjoyLCJjb3Zlcl9waWMiOiIxNTM2NjU4NjU5LjA0NDY5OTMuanBnIiwibmFtZSI6Ilx1Njg4NVx1ODNkY1x1NjI2M1x1ODA4OVx1OTk2ZCIsInByaWNlIjoxOS4wLCJzdGF0dXMiOjEsImNyZWF0ZV9hdCI6IjIwMjAtMDctMTEgMjA6Mzc6MzkiLCJ1cGRhdGVfYXQiOiIyMDIwLTA3LTI1IDIxOjIwOjMwIn0seyJpZCI6Niwic2hvcF9pZCI6MSwiY2F0ZWdvcnlfaWQiOjIsImNvdmVyX3BpYyI6IjE1MzY2NTg4MjQuMzk3NjUwNS5qcGciLCJuYW1lIjoiXHU2NzI4XHU5ODdiXHU4MDg5XHU5OTZkIiwicHJpY2UiOjE2LjAsInN0YXR1cyI6MSwiY3JlYXRlX2F0IjoiMjAyMC0wNy0xMSAyMDo0MDoyNCIsInVwZGF0ZV9hdCI6IjIwMjAtMDctMjUgMjE6MjA6MzAifSx7ImlkIjo3LCJzaG9wX2lkIjoxLCJjYXRlZ29yeV9pZCI6MiwiY292ZXJfcGljIjoiMTUzNjY1ODg2My42NzMyODU1LmpwZyIsIm5hbWUiOiJcdTgwYTVcdTcyNWJcdTk5NmQiLCJwcmljZSI6MTkuMCwic3RhdHVzIjoxLCJjcmVhdGVfYXQiOiIyMDIwLTA3LTExIDIwOjQxOjAzIiwidXBkYXRlX2F0IjoiMjAyMC0wNy0yNSAyMToyMDozMCJ9LHsiaWQiOjgsInNob3BfaWQiOjEsImNhdGVnb3J5X2lkIjoyLCJjb3Zlcl9waWMiOiIxNTM2NjU4OTYwLjM5NTQxMzQuanBnIiwibmFtZSI6Ilx1NjVlMFx1OWFhOFx1NTQ5Nlx1NTViMVx1OWUyMVx1OTk2ZCIsInByaWNlIjoxOC4wLCJzdGF0dXMiOjEsImNyZWF0ZV9hdCI6IjIwMjAtMDctMTEgMjA6NDI6NDAiLCJ1cGRhdGVfYXQiOiIyMDIwLTA3LTI1IDIxOjIwOjMwIn1dfSwiMyI6eyJpZCI6MywibmFtZSI6IkNvYXJzZSBBbm5vdGF0aW9ucyIsInBpZHMiOlt7ImlkIjo5LCJzaG9wX2lkIjoxLCJjYXRlZ29yeV9pZCI6MywiY292ZXJfcGljIjoiMTUzNjY1OTExNC4wNDQwMjM1LmpwZyIsIm5hbWUiOiJcdTY3MjhcdTk4N2JcdTgwODkiLCJwcmljZSI6MTIuMCwic3RhdHVzIjoxLCJjcmVhdGVfYXQiOiIyMDIwLTA3LTExIDIwOjQ0OjI1IiwidXBkYXRlX2F0IjoiMjAyMC0wNy0yNSAyMToyMDozMCJ9LHsiaWQiOjEwLCJzaG9wX2lkIjoxLCJjYXRlZ29yeV9pZCI6MywiY292ZXJfcGljIjoiMTUzNjY1OTA2NS43OTcyNjM3LmpwZyIsIm5hbWUiOiJcdTc1NmFcdTgzMDRcdTllMjFcdTg2Y2IiLCJwcmljZSI6NC4wLCJzdGF0dXMiOjEsImNyZWF0ZV9hdCI6IjIwMjAtMDctMTEgMjA6NDU6MTQiLCJ1cGRhdGVfYXQiOiIyMDIwLTA3LTI1IDIxOjIwOjMwIn0seyJpZCI6MTEsInNob3BfaWQiOjEsImNhdGVnb3J5X2lkIjozLCJjb3Zlcl9waWMiOiIxNTM2NjU5MTk3LjcyMzEyMjEuanBnIiwibmFtZSI6Ilx1OTc1Mlx1ODNkYyIsInByaWNlIjo0LjAsInN0YXR1cyI6MSwiY3JlYXRlX2F0IjoiMjAyMC0wNy0xMSAyMDo0NjozNyIsInVwZGF0ZV9hdCI6IjIwMjAtMDctMjUgMjE6MjA6MzAifSx7ImlkIjoxMiwic2hvcF9pZCI6MSwiY2F0ZWdvcnlfaWQiOjMsImNvdmVyX3BpYyI6IjE1MzY2NTkyNTMuODg0MjcxNi5qcGciLCJuYW1lIjoiXHU1MzU1XHU0ZWZkXHU5OTk5XHU4ZmEzXHU3YjBiXHU1ZTcyXHU3MGU3XHU4MDg5IiwicHJpY2UiOjE1LjAsInN0YXR1cyI6MSwiY3JlYXRlX2F0IjoiMjAyMC0wNy0xMSAyMDo0NzozMyIsInVwZGF0ZV9hdCI6IjIwMjAtMDctMjUgMjE6MjA6MzAifV19LCI0Ijp7ImlkIjo0LCJuYW1lIjoiRGV0YWlsZWQgQW5ub3RhdGlvbnMiLCJwaWRzIjpbeyJpZCI6MTMsInNob3BfaWQiOjEsImNhdGVnb3J5X2lkIjo0LCJjb3Zlcl9waWMiOiIxNTM2NjU5MzExLjg2OTk0OTMuanBnIiwibmFtZSI6Ilx1NzU2YVx1ODMwNFx1ODZjYlx1ODJiMVx1NmM2NCIsInByaWNlIjo0LjAsInN0YXR1cyI6MSwiY3JlYXRlX2F0IjoiMjAyMC0wNy0xMSAyMDo0ODozMSIsInVwZGF0ZV9hdCI6IjIwMjAtMDctMjUgMjE6MjA6MzAifSx7ImlkIjoxNCwic2hvcF9pZCI6MSwiY2F0ZWdvcnlfaWQiOjQsImNvdmVyX3BpYyI6IjE1MzY2NTkzNjQuNzg5MjUxMy5qcGciLCJuYW1lIjoiXHU3MzhiXHU4MDAxXHU1NDA5IiwicHJpY2UiOjYuMCwic3RhdHVzIjoxLCJjcmVhdGVfYXQiOiIyMDIwLTA3LTExIDIwOjQ5OjI0IiwidXBkYXRlX2F0IjoiMjAyMC0wNy0yNSAyMToyMDozMCJ9LHsiaWQiOjE1LCJzaG9wX2lkIjoxLCJjYXRlZ29yeV9pZCI6NCwiY292ZXJfcGljIjoiMTUzNjY1OTU2My4zODk3NjQ4LmpwZyIsIm5hbWUiOiJcdTY3OWNcdTdjOTJcdTZhNTkiLCJwcmljZSI6NS4wLCJzdGF0dXMiOjEsImNyZWF0ZV9hdCI6IjIwMjAtMDctMTEgMjA6NTI6NDMiLCJ1cGRhdGVfYXQiOiIyMDIwLTA3LTI1IDIxOjIwOjMwIn0seyJpZCI6MTYsInNob3BfaWQiOjEsImNhdGVnb3J5X2lkIjo0LCJjb3Zlcl9waWMiOiIxNTM2NjU5NjA1LjU1NjE3NzEuanBnIiwibmFtZSI6Ilx1NzdmZlx1NmNjOVx1NmMzNCIsInByaWNlIjozLjAsInN0YXR1cyI6MSwiY3JlYXRlX2F0IjoiMjAyMC0wNy0xMSAyMDo1MzoyNSIsInVwZGF0ZV9hdCI6IjIwMjAtMDctMjUgMjE6MjA6MzAifSx7ImlkIjoxNywic2hvcF9pZCI6MSwiY2F0ZWdvcnlfaWQiOjQsImNvdmVyX3BpYyI6IjE1MzY2NTk2ODguNDg1NjE1Ny5qcGciLCJuYW1lIjoiXHU0ZTRjXHU2ODg1XHU2YzQxIiwicHJpY2UiOjQuMCwic3RhdHVzIjoxLCJjcmVhdGVfYXQiOiIyMDIwLTA3LTExIDIwOjU0OjQ4IiwidXBkYXRlX2F0IjoiMjAyMC0wNy0yNSAyMToyMDozMCJ9XX19LCJwcm9kdWN0bGlzdCI6eyIxIjp7ImlkIjoxLCJzaG9wX2lkIjoxLCJjYXRlZ29yeV9pZCI6MSwiY292ZXJfcGljIjoiMTUzNjY1NzYyMC41NDg1NzA0LmpwZyIsIm5hbWUiOiJcdTdlYTJcdTcwZTdcdTgwODkrXHU3MmVlXHU1YjUwXHU1OTM0K1x1OTk2ZVx1NjU5OSIsInByaWNlIjoyNS4wLCJzdGF0dXMiOjEsImNyZWF0ZV9hdCI6IjIwMjAtMDctMTEgMjA6MjA6MjAiLCJ1cGRhdGVfYXQiOiIyMDIwLTA3LTI1IDIxOjIwOjMwIiwibnVtIjoxfSwiMiI6eyJpZCI6Miwic2hvcF9pZCI6MSwiY2F0ZWdvcnlfaWQiOjEsImNvdmVyX3BpYyI6IjE1MzY2NTgzNTIuOTM0MTU1Ny5qcGciLCJuYW1lIjoiXHU3ZWEyXHU3MGU3XHU4MDg5K1x1NzU2YVx1ODMwNFx1OWUyMVx1ODZjYiIsInByaWNlIjoyMi4wLCJzdGF0dXMiOjEsImNyZWF0ZV9hdCI6IjIwMjAtMDctMTEgMjA6MzI6MzIiLCJ1cGRhdGVfYXQiOiIyMDIwLTA3LTI1IDIxOjIwOjMwIn0sIjMiOnsiaWQiOjMsInNob3BfaWQiOjEsImNhdGVnb3J5X2lkIjoxLCJjb3Zlcl9waWMiOiIxNTM2NjU4NDE1LjY4MzgwMDIuanBnIiwibmFtZSI6Ilx1Njg4NVx1ODNkY1x1NjI2M1x1ODA4OStcdTc1NmFcdTgzMDRcdTllMjFcdTg2Y2IiLCJwcmljZSI6MjIuMCwic3RhdHVzIjoxLCJjcmVhdGVfYXQiOiIyMDIwLTA3LTExIDIwOjMzOjM1IiwidXBkYXRlX2F0IjoiMjAyMC0wNy0yNSAyMToyMDozMCJ9LCI0Ijp7ImlkIjo0LCJzaG9wX2lkIjoxLCJjYXRlZ29yeV9pZCI6MSwiY292ZXJfcGljIjoiMTUzNjY1ODU3NC4yODQ3MzczLmpwZyIsIm5hbWUiOiJcdTgwYTVcdTcyNWIrXHU3NTZhXHU4MzA0XHU5ZTIxXHU4NmNiIiwicHJpY2UiOjIyLjAsInN0YXR1cyI6MSwiY3JlYXRlX2F0IjoiMjAyMC0wNy0xMSAyMDozNjoxNCIsInVwZGF0ZV9hdCI6IjIwMjAtMDctMjUgMjE6MjA6MzAifSwiNSI6eyJpZCI6NSwic2hvcF9pZCI6MSwiY2F0ZWdvcnlfaWQiOjIsImNvdmVyX3BpYyI6IjE1MzY2NTg2NTkuMDQ0Njk5My5qcGciLCJuYW1lIjoiXHU2ODg1XHU4M2RjXHU2MjYzXHU4MDg5XHU5OTZkIiwicHJpY2UiOjE5LjAsInN0YXR1cyI6MSwiY3JlYXRlX2F0IjoiMjAyMC0wNy0xMSAyMDozNzozOSIsInVwZGF0ZV9hdCI6IjIwMjAtMDctMjUgMjE6MjA6MzAifSwiNiI6eyJpZCI6Niwic2hvcF9pZCI6MSwiY2F0ZWdvcnlfaWQiOjIsImNvdmVyX3BpYyI6IjE1MzY2NTg4MjQuMzk3NjUwNS5qcGciLCJuYW1lIjoiXHU2NzI4XHU5ODdiXHU4MDg5XHU5OTZkIiwicHJpY2UiOjE2LjAsInN0YXR1cyI6MSwiY3JlYXRlX2F0IjoiMjAyMC0wNy0xMSAyMDo0MDoyNCIsInVwZGF0ZV9hdCI6IjIwMjAtMDctMjUgMjE6MjA6MzAifSwiNyI6eyJpZCI6Nywic2hvcF9pZCI6MSwiY2F0ZWdvcnlfaWQiOjIsImNvdmVyX3BpYyI6IjE1MzY2NTg4NjMuNjczMjg1NS5qcGciLCJuYW1lIjoiXHU4MGE1XHU3MjViXHU5OTZkIiwicHJpY2UiOjE5LjAsInN0YXR1cyI6MSwiY3JlYXRlX2F0IjoiMjAyMC0wNy0xMSAyMDo0MTowMyIsInVwZGF0ZV9hdCI6IjIwMjAtMDctMjUgMjE6MjA6MzAifSwiOCI6eyJpZCI6OCwic2hvcF9pZCI6MSwiY2F0ZWdvcnlfaWQiOjIsImNvdmVyX3BpYyI6IjE1MzY2NTg5NjAuMzk1NDEzNC5qcGciLCJuYW1lIjoiXHU2NWUwXHU5YWE4XHU1NDk2XHU1NWIxXHU5ZTIxXHU5OTZkIiwicHJpY2UiOjE4LjAsInN0YXR1cyI6MSwiY3JlYXRlX2F0IjoiMjAyMC0wNy0xMSAyMDo0Mjo0MCIsInVwZGF0ZV9hdCI6IjIwMjAtMDctMjUgMjE6MjA6MzAifSwiOSI6eyJpZCI6OSwic2hvcF9pZCI6MSwiY2F0ZWdvcnlfaWQiOjMsImNvdmVyX3BpYyI6IjE1MzY2NTkxMTQuMDQ0MDIzNS5qcGciLCJuYW1lIjoiXHU2NzI4XHU5ODdiXHU4MDg5IiwicHJpY2UiOjEyLjAsInN0YXR1cyI6MSwiY3JlYXRlX2F0IjoiMjAyMC0wNy0xMSAyMDo0NDoyNSIsInVwZGF0ZV9hdCI6IjIwMjAtMDctMjUgMjE6MjA6MzAifSwiMTAiOnsiaWQiOjEwLCJzaG9wX2lkIjoxLCJjYXRlZ29yeV9pZCI6MywiY292ZXJfcGljIjoiMTUzNjY1OTA2NS43OTcyNjM3LmpwZyIsIm5hbWUiOiJcdTc1NmFcdTgzMDRcdTllMjFcdTg2Y2IiLCJwcmljZSI6NC4wLCJzdGF0dXMiOjEsImNyZWF0ZV9hdCI6IjIwMjAtMDctMTEgMjA6NDU6MTQiLCJ1cGRhdGVfYXQiOiIyMDIwLTA3LTI1IDIxOjIwOjMwIn0sIjExIjp7ImlkIjoxMSwic2hvcF9pZCI6MSwiY2F0ZWdvcnlfaWQiOjMsImNvdmVyX3BpYyI6IjE1MzY2NTkxOTcuNzIzMTIyMS5qcGciLCJuYW1lIjoiXHU5NzUyXHU4M2RjIiwicHJpY2UiOjQuMCwic3RhdHVzIjoxLCJjcmVhdGVfYXQiOiIyMDIwLTA3LTExIDIwOjQ2OjM3IiwidXBkYXRlX2F0IjoiMjAyMC0wNy0yNSAyMToyMDozMCJ9LCIxMiI6eyJpZCI6MTIsInNob3BfaWQiOjEsImNhdGVnb3J5X2lkIjozLCJjb3Zlcl9waWMiOiIxNTM2NjU5MjUzLjg4NDI3MTYuanBnIiwibmFtZSI6Ilx1NTM1NVx1NGVmZFx1OTk5OVx1OGZhM1x1N2IwYlx1NWU3Mlx1NzBlN1x1ODA4OSIsInByaWNlIjoxNS4wLCJzdGF0dXMiOjEsImNyZWF0ZV9hdCI6IjIwMjAtMDctMTEgMjA6NDc6MzMiLCJ1cGRhdGVfYXQiOiIyMDIwLTA3LTI1IDIxOjIwOjMwIn0sIjEzIjp7ImlkIjoxMywic2hvcF9pZCI6MSwiY2F0ZWdvcnlfaWQiOjQsImNvdmVyX3BpYyI6IjE1MzY2NTkzMTEuODY5OTQ5My5qcGciLCJuYW1lIjoiXHU3NTZhXHU4MzA0XHU4NmNiXHU4MmIxXHU2YzY0IiwicHJpY2UiOjQuMCwic3RhdHVzIjoxLCJjcmVhdGVfYXQiOiIyMDIwLTA3LTExIDIwOjQ4OjMxIiwidXBkYXRlX2F0IjoiMjAyMC0wNy0yNSAyMToyMDozMCJ9LCIxNCI6eyJpZCI6MTQsInNob3BfaWQiOjEsImNhdGVnb3J5X2lkIjo0LCJjb3Zlcl9waWMiOiIxNTM2NjU5MzY0Ljc4OTI1MTMuanBnIiwibmFtZSI6Ilx1NzM4Ylx1ODAwMVx1NTQwOSIsInByaWNlIjo2LjAsInN0YXR1cyI6MSwiY3JlYXRlX2F0IjoiMjAyMC0wNy0xMSAyMDo0OToyNCIsInVwZGF0ZV9hdCI6IjIwMjAtMDctMjUgMjE6MjA6MzAifSwiMTUiOnsiaWQiOjE1LCJzaG9wX2lkIjoxLCJjYXRlZ29yeV9pZCI6NCwiY292ZXJfcGljIjoiMTUzNjY1OTU2My4zODk3NjQ4LmpwZyIsIm5hbWUiOiJcdTY3OWNcdTdjOTJcdTZhNTkiLCJwcmljZSI6NS4wLCJzdGF0dXMiOjEsImNyZWF0ZV9hdCI6IjIwMjAtMDctMTEgMjA6NTI6NDMiLCJ1cGRhdGVfYXQiOiIyMDIwLTA3LTI1IDIxOjIwOjMwIn0sIjE2Ijp7ImlkIjoxNiwic2hvcF9pZCI6MSwiY2F0ZWdvcnlfaWQiOjQsImNvdmVyX3BpYyI6IjE1MzY2NTk2MDUuNTU2MTc3MS5qcGciLCJuYW1lIjoiXHU3N2ZmXHU2Y2M5XHU2YzM0IiwicHJpY2UiOjMuMCwic3RhdHVzIjoxLCJjcmVhdGVfYXQiOiIyMDIwLTA3LTExIDIwOjUzOjI1IiwidXBkYXRlX2F0IjoiMjAyMC0wNy0yNSAyMToyMDozMCJ9LCIxNyI6eyJpZCI6MTcsInNob3BfaWQiOjEsImNhdGVnb3J5X2lkIjo0LCJjb3Zlcl9waWMiOiIxNTM2NjU5Njg4LjQ4NTYxNTcuanBnIiwibmFtZSI6Ilx1NGU0Y1x1Njg4NVx1NmM0MSIsInByaWNlIjo0LjAsInN0YXR1cyI6MSwiY3JlYXRlX2F0IjoiMjAyMC0wNy0xMSAyMDo1NDo0OCIsInVwZGF0ZV9hdCI6IjIwMjAtMDctMjUgMjE6MjA6MzAifX0sImNhcnRsaXN0Ijp7IjEiOnsiaWQiOjEsInNob3BfaWQiOjEsImNhdGVnb3J5X2lkIjoxLCJjb3Zlcl9waWMiOiIxNTM2NjU3NjIwLjU0ODU3MDQuanBnIiwibmFtZSI6Ilx1N2VhMlx1NzBlN1x1ODA4OStcdTcyZWVcdTViNTBcdTU5MzQrXHU5OTZlXHU2NTk5IiwicHJpY2UiOjI1LjAsInN0YXR1cyI6MSwiY3JlYXRlX2F0IjoiMjAyMC0wNy0xMSAyMDoyMDoyMCIsInVwZGF0ZV9hdCI6IjIwMjAtMDctMjUgMjE6MjA6MzAiLCJudW0iOjF9fX0=', '2022-04-05 23:16:35.629897-03');
INSERT INTO "public"."django_session" VALUES ('vc2j359ss6u7433hvvkz5qtp96yu85dk', 'YzUxMjRkY2UwM2U1NDc0MThlNmJkNzZhNzkxZTQ3ZDZmNDBiYzQwMTp7InZlcmlmeWNvZGUiOiIzNjMzIiwiYWRtaW51c2VyIjp7ImlkIjoxLCJ1c2VybmFtZSI6InpoYW5nc2FuIiwibmlja25hbWUiOiJKYWNrIiwicGFzc3dvcmRfaGFzaCI6IjFlMTkxZDg1MWIzYjQ5YTI0OGY0ZWE2MmY2YjA2NDEwIiwicGFzc3dvcmRfc2FsdCI6IjEyMzQ1NiIsInN0YXR1cyI6NiwiY3JlYXRlX2F0IjoiMjAyMC0wNy0wOSAwNToxODoxOCIsInVwZGF0ZV9hdCI6IjIwMjItMDMtMDkgMjI6NTM6MzQifX0=', '2022-04-11 23:06:12.402674-03');
INSERT INTO "public"."django_session" VALUES ('nabfkw3bbfhyl8d2vnl4s4gbft9mk15c', 'MTYxM2IzNjMyMGU5YmYyOGRkOGRhZDJjZDc2ZmUyZjc3ZjJhM2Q4Mjp7InZlcmlmeWNvZGUiOiIxODQ5In0=', '2022-04-11 23:06:16.766342-03');
INSERT INTO "public"."django_session" VALUES ('w3bg02iel6k0ubbpp11ooibbgy1f5ky2', 'OWVlZTIzODc3YjNmN2ZiZDZlMjRhOWY5YTQ3MTc5Njc4NzQ3MTY1Nzp7InZlcmlmeWNvZGUiOiI4MzU3IiwiYWRtaW51c2VyIjp7ImlkIjoxLCJ1c2VybmFtZSI6InpoYW5nc2FuIiwibmlja25hbWUiOiJKYWNrIiwicGFzc3dvcmRfaGFzaCI6IjFlMTkxZDg1MWIzYjQ5YTI0OGY0ZWE2MmY2YjA2NDEwIiwicGFzc3dvcmRfc2FsdCI6IjEyMzQ1NiIsInN0YXR1cyI6NiwiY3JlYXRlX2F0IjoiMjAyMC0wNy0wOSAwNToxODoxOCIsInVwZGF0ZV9hdCI6IjIwMjItMDMtMDkgMjI6NTM6MzQifX0=', '2022-04-11 23:11:40.721879-03');
INSERT INTO "public"."django_session" VALUES ('x85pfbroi41j5c5b0tihjrues6lvll27', 'ZTlmYWJiODFkYjkwYmRkMjQ4NmI3NTZlYjFhNWVjNzRkZTk3MjE3ODp7InRvdGFsX21vbmV5IjowfQ==', '2022-04-11 23:11:00.674043-03');
INSERT INTO "public"."django_session" VALUES ('r88s7f6z694psdtgu0vt0mwn37zr6zqr', 'ZTlmYWJiODFkYjkwYmRkMjQ4NmI3NTZlYjFhNWVjNzRkZTk3MjE3ODp7InRvdGFsX21vbmV5IjowfQ==', '2022-04-11 23:11:05.127498-03');
INSERT INTO "public"."django_session" VALUES ('1k6rd12jo3iu7pcmh60exrw597co1l7c', 'MmM5Mjk5MmU2ZTM1ZWRhYmZiOTRjYmU4MzkxMGE5MTNiMWFiZTIyODp7InZlcmlmeWNvZGUiOiI4ODkxIn0=', '2022-04-11 23:11:46.534919-03');
INSERT INTO "public"."django_session" VALUES ('bnrkyrncc4melogaffj7onw5w58eiysq', 'ZDg5NjAyOTkwMGYwNzU3NTlmZGU1ZmM4MDYxMDUxODBkNTBmYWIwNzp7InZlcmlmeWNvZGUiOiIwMjM1In0=', '2022-04-11 23:11:54.444507-03');
INSERT INTO "public"."django_session" VALUES ('tbthwipac6zyx1n3jon2ktoozrzmptsl', 'ZWQ0NTU3NjZjYmVhNjM5Y2FjZDhlZDAyM2ViZDU1YTZiMzg0MGJmMzp7InZlcmlmeWNvZGUiOiI5MTY1Iiwic2hvcGluZm8iOnsiaWQiOjEsIm5hbWUiOiJcdTc1MzBcdTgwMDFcdTVlMDhcdTdlYTJcdTcwZTdcdTgwODkiLCJzaG9wIjoiXHU2NzFkXHU5NjMzXHU1YzA2XHU1M2YwXHU4ZGVmXHU1ZTk3IiwiY292ZXJfcGljIjoiMTIzNDEyMzQuanBnIiwiYmFubmVyX3BpYyI6ImxnLmpwZyIsImFkZHJlc3MiOiJcdTUzMTdcdTRlYWNcdTVlMDJcdTY3MWRcdTk2MzNcdTUzM2FcdTVjMDZcdTUzZjBcdTRlNjFcdTRlMWNcdTUxNmJcdTk1ZjRcdTYyM2ZcdTY3NTFcdTg5N2ZcdTRlMzQ4XHU1M2Y3IiwicGhvbmUiOiIxMjM0NTY3ODkwNSIsInN0YXR1cyI6MSwiY3JlYXRlX2F0IjoiMjAyMC0wNy0yMCAyMToxMjozNCIsInVwZGF0ZV9hdCI6IjIwMjAtMDctMjQgMjM6MzQ6NTYifSwiY2F0ZWdvcnlsaXN0Ijp7IjEiOnsiaWQiOjEsIm5hbWUiOiJDb2Fyc2UgQW5ub3RhdGlvbnMiLCJwaWRzIjpbeyJpZCI6MSwic2hvcF9pZCI6MSwiY2F0ZWdvcnlfaWQiOjEsImNvdmVyX3BpYyI6IjE1MzY2NTc2MjAuNTQ4NTcwNC5qcGciLCJuYW1lIjoiXHU3ZWEyXHU3MGU3XHU4MDg5K1x1NzJlZVx1NWI1MFx1NTkzNCtcdTk5NmVcdTY1OTkiLCJwcmljZSI6MjUuMCwic3RhdHVzIjoxLCJjcmVhdGVfYXQiOiIyMDIwLTA3LTExIDIwOjIwOjIwIiwidXBkYXRlX2F0IjoiMjAyMC0wNy0yNSAyMToyMDozMCJ9LHsiaWQiOjIsInNob3BfaWQiOjEsImNhdGVnb3J5X2lkIjoxLCJjb3Zlcl9waWMiOiIxNTM2NjU4MzUyLjkzNDE1NTcuanBnIiwibmFtZSI6Ilx1N2VhMlx1NzBlN1x1ODA4OStcdTc1NmFcdTgzMDRcdTllMjFcdTg2Y2IiLCJwcmljZSI6MjIuMCwic3RhdHVzIjoxLCJjcmVhdGVfYXQiOiIyMDIwLTA3LTExIDIwOjMyOjMyIiwidXBkYXRlX2F0IjoiMjAyMC0wNy0yNSAyMToyMDozMCJ9LHsiaWQiOjMsInNob3BfaWQiOjEsImNhdGVnb3J5X2lkIjoxLCJjb3Zlcl9waWMiOiIxNTM2NjU4NDE1LjY4MzgwMDIuanBnIiwibmFtZSI6Ilx1Njg4NVx1ODNkY1x1NjI2M1x1ODA4OStcdTc1NmFcdTgzMDRcdTllMjFcdTg2Y2IiLCJwcmljZSI6MjIuMCwic3RhdHVzIjoxLCJjcmVhdGVfYXQiOiIyMDIwLTA3LTExIDIwOjMzOjM1IiwidXBkYXRlX2F0IjoiMjAyMC0wNy0yNSAyMToyMDozMCJ9LHsiaWQiOjQsInNob3BfaWQiOjEsImNhdGVnb3J5X2lkIjoxLCJjb3Zlcl9waWMiOiIxNTM2NjU4NTc0LjI4NDczNzMuanBnIiwibmFtZSI6Ilx1ODBhNVx1NzI1YitcdTc1NmFcdTgzMDRcdTllMjFcdTg2Y2IiLCJwcmljZSI6MjIuMCwic3RhdHVzIjoxLCJjcmVhdGVfYXQiOiIyMDIwLTA3LTExIDIwOjM2OjE0IiwidXBkYXRlX2F0IjoiMjAyMC0wNy0yNSAyMToyMDozMCJ9XX0sIjIiOnsiaWQiOjIsIm5hbWUiOiJEZXRhaWxlZCBBbm5vdGF0aW9ucyIsInBpZHMiOlt7ImlkIjo1LCJzaG9wX2lkIjoxLCJjYXRlZ29yeV9pZCI6MiwiY292ZXJfcGljIjoiMTUzNjY1ODY1OS4wNDQ2OTkzLmpwZyIsIm5hbWUiOiJcdTY4ODVcdTgzZGNcdTYyNjNcdTgwODlcdTk5NmQiLCJwcmljZSI6MTkuMCwic3RhdHVzIjoxLCJjcmVhdGVfYXQiOiIyMDIwLTA3LTExIDIwOjM3OjM5IiwidXBkYXRlX2F0IjoiMjAyMC0wNy0yNSAyMToyMDozMCJ9LHsiaWQiOjYsInNob3BfaWQiOjEsImNhdGVnb3J5X2lkIjoyLCJjb3Zlcl9waWMiOiIxNTM2NjU4ODI0LjM5NzY1MDUuanBnIiwibmFtZSI6Ilx1NjcyOFx1OTg3Ylx1ODA4OVx1OTk2ZCIsInByaWNlIjoxNi4wLCJzdGF0dXMiOjEsImNyZWF0ZV9hdCI6IjIwMjAtMDctMTEgMjA6NDA6MjQiLCJ1cGRhdGVfYXQiOiIyMDIwLTA3LTI1IDIxOjIwOjMwIn0seyJpZCI6Nywic2hvcF9pZCI6MSwiY2F0ZWdvcnlfaWQiOjIsImNvdmVyX3BpYyI6IjE1MzY2NTg4NjMuNjczMjg1NS5qcGciLCJuYW1lIjoiXHU4MGE1XHU3MjViXHU5OTZkIiwicHJpY2UiOjE5LjAsInN0YXR1cyI6MSwiY3JlYXRlX2F0IjoiMjAyMC0wNy0xMSAyMDo0MTowMyIsInVwZGF0ZV9hdCI6IjIwMjAtMDctMjUgMjE6MjA6MzAifSx7ImlkIjo4LCJzaG9wX2lkIjoxLCJjYXRlZ29yeV9pZCI6MiwiY292ZXJfcGljIjoiMTUzNjY1ODk2MC4zOTU0MTM0LmpwZyIsIm5hbWUiOiJcdTY1ZTBcdTlhYThcdTU0OTZcdTU1YjFcdTllMjFcdTk5NmQiLCJwcmljZSI6MTguMCwic3RhdHVzIjoxLCJjcmVhdGVfYXQiOiIyMDIwLTA3LTExIDIwOjQyOjQwIiwidXBkYXRlX2F0IjoiMjAyMC0wNy0yNSAyMToyMDozMCJ9XX0sIjMiOnsiaWQiOjMsIm5hbWUiOiJDb2Fyc2UgQW5ub3RhdGlvbnMiLCJwaWRzIjpbeyJpZCI6OSwic2hvcF9pZCI6MSwiY2F0ZWdvcnlfaWQiOjMsImNvdmVyX3BpYyI6IjE1MzY2NTkxMTQuMDQ0MDIzNS5qcGciLCJuYW1lIjoiXHU2NzI4XHU5ODdiXHU4MDg5IiwicHJpY2UiOjEyLjAsInN0YXR1cyI6MSwiY3JlYXRlX2F0IjoiMjAyMC0wNy0xMSAyMDo0NDoyNSIsInVwZGF0ZV9hdCI6IjIwMjAtMDctMjUgMjE6MjA6MzAifSx7ImlkIjoxMCwic2hvcF9pZCI6MSwiY2F0ZWdvcnlfaWQiOjMsImNvdmVyX3BpYyI6IjE1MzY2NTkwNjUuNzk3MjYzNy5qcGciLCJuYW1lIjoiXHU3NTZhXHU4MzA0XHU5ZTIxXHU4NmNiIiwicHJpY2UiOjQuMCwic3RhdHVzIjoxLCJjcmVhdGVfYXQiOiIyMDIwLTA3LTExIDIwOjQ1OjE0IiwidXBkYXRlX2F0IjoiMjAyMC0wNy0yNSAyMToyMDozMCJ9LHsiaWQiOjExLCJzaG9wX2lkIjoxLCJjYXRlZ29yeV9pZCI6MywiY292ZXJfcGljIjoiMTUzNjY1OTE5Ny43MjMxMjIxLmpwZyIsIm5hbWUiOiJcdTk3NTJcdTgzZGMiLCJwcmljZSI6NC4wLCJzdGF0dXMiOjEsImNyZWF0ZV9hdCI6IjIwMjAtMDctMTEgMjA6NDY6MzciLCJ1cGRhdGVfYXQiOiIyMDIwLTA3LTI1IDIxOjIwOjMwIn0seyJpZCI6MTIsInNob3BfaWQiOjEsImNhdGVnb3J5X2lkIjozLCJjb3Zlcl9waWMiOiIxNTM2NjU5MjUzLjg4NDI3MTYuanBnIiwibmFtZSI6Ilx1NTM1NVx1NGVmZFx1OTk5OVx1OGZhM1x1N2IwYlx1NWU3Mlx1NzBlN1x1ODA4OSIsInByaWNlIjoxNS4wLCJzdGF0dXMiOjEsImNyZWF0ZV9hdCI6IjIwMjAtMDctMTEgMjA6NDc6MzMiLCJ1cGRhdGVfYXQiOiIyMDIwLTA3LTI1IDIxOjIwOjMwIn1dfSwiNCI6eyJpZCI6NCwibmFtZSI6IkRldGFpbGVkIEFubm90YXRpb25zIiwicGlkcyI6W3siaWQiOjEzLCJzaG9wX2lkIjoxLCJjYXRlZ29yeV9pZCI6NCwiY292ZXJfcGljIjoiMTUzNjY1OTMxMS44Njk5NDkzLmpwZyIsIm5hbWUiOiJcdTc1NmFcdTgzMDRcdTg2Y2JcdTgyYjFcdTZjNjQiLCJwcmljZSI6NC4wLCJzdGF0dXMiOjEsImNyZWF0ZV9hdCI6IjIwMjAtMDctMTEgMjA6NDg6MzEiLCJ1cGRhdGVfYXQiOiIyMDIwLTA3LTI1IDIxOjIwOjMwIn0seyJpZCI6MTQsInNob3BfaWQiOjEsImNhdGVnb3J5X2lkIjo0LCJjb3Zlcl9waWMiOiIxNTM2NjU5MzY0Ljc4OTI1MTMuanBnIiwibmFtZSI6Ilx1NzM4Ylx1ODAwMVx1NTQwOSIsInByaWNlIjo2LjAsInN0YXR1cyI6MSwiY3JlYXRlX2F0IjoiMjAyMC0wNy0xMSAyMDo0OToyNCIsInVwZGF0ZV9hdCI6IjIwMjAtMDctMjUgMjE6MjA6MzAifSx7ImlkIjoxNSwic2hvcF9pZCI6MSwiY2F0ZWdvcnlfaWQiOjQsImNvdmVyX3BpYyI6IjE1MzY2NTk1NjMuMzg5NzY0OC5qcGciLCJuYW1lIjoiXHU2NzljXHU3YzkyXHU2YTU5IiwicHJpY2UiOjUuMCwic3RhdHVzIjoxLCJjcmVhdGVfYXQiOiIyMDIwLTA3LTExIDIwOjUyOjQzIiwidXBkYXRlX2F0IjoiMjAyMC0wNy0yNSAyMToyMDozMCJ9LHsiaWQiOjE2LCJzaG9wX2lkIjoxLCJjYXRlZ29yeV9pZCI6NCwiY292ZXJfcGljIjoiMTUzNjY1OTYwNS41NTYxNzcxLmpwZyIsIm5hbWUiOiJcdTc3ZmZcdTZjYzlcdTZjMzQiLCJwcmljZSI6My4wLCJzdGF0dXMiOjEsImNyZWF0ZV9hdCI6IjIwMjAtMDctMTEgMjA6NTM6MjUiLCJ1cGRhdGVfYXQiOiIyMDIwLTA3LTI1IDIxOjIwOjMwIn0seyJpZCI6MTcsInNob3BfaWQiOjEsImNhdGVnb3J5X2lkIjo0LCJjb3Zlcl9waWMiOiIxNTM2NjU5Njg4LjQ4NTYxNTcuanBnIiwibmFtZSI6Ilx1NGU0Y1x1Njg4NVx1NmM0MSIsInByaWNlIjo0LjAsInN0YXR1cyI6MSwiY3JlYXRlX2F0IjoiMjAyMC0wNy0xMSAyMDo1NDo0OCIsInVwZGF0ZV9hdCI6IjIwMjAtMDctMjUgMjE6MjA6MzAifV19fSwicHJvZHVjdGxpc3QiOnsiMSI6eyJpZCI6MSwic2hvcF9pZCI6MSwiY2F0ZWdvcnlfaWQiOjEsImNvdmVyX3BpYyI6IjE1MzY2NTc2MjAuNTQ4NTcwNC5qcGciLCJuYW1lIjoiXHU3ZWEyXHU3MGU3XHU4MDg5K1x1NzJlZVx1NWI1MFx1NTkzNCtcdTk5NmVcdTY1OTkiLCJwcmljZSI6MjUuMCwic3RhdHVzIjoxLCJjcmVhdGVfYXQiOiIyMDIwLTA3LTExIDIwOjIwOjIwIiwidXBkYXRlX2F0IjoiMjAyMC0wNy0yNSAyMToyMDozMCJ9LCIyIjp7ImlkIjoyLCJzaG9wX2lkIjoxLCJjYXRlZ29yeV9pZCI6MSwiY292ZXJfcGljIjoiMTUzNjY1ODM1Mi45MzQxNTU3LmpwZyIsIm5hbWUiOiJcdTdlYTJcdTcwZTdcdTgwODkrXHU3NTZhXHU4MzA0XHU5ZTIxXHU4NmNiIiwicHJpY2UiOjIyLjAsInN0YXR1cyI6MSwiY3JlYXRlX2F0IjoiMjAyMC0wNy0xMSAyMDozMjozMiIsInVwZGF0ZV9hdCI6IjIwMjAtMDctMjUgMjE6MjA6MzAiLCJudW0iOjF9LCIzIjp7ImlkIjozLCJzaG9wX2lkIjoxLCJjYXRlZ29yeV9pZCI6MSwiY292ZXJfcGljIjoiMTUzNjY1ODQxNS42ODM4MDAyLmpwZyIsIm5hbWUiOiJcdTY4ODVcdTgzZGNcdTYyNjNcdTgwODkrXHU3NTZhXHU4MzA0XHU5ZTIxXHU4NmNiIiwicHJpY2UiOjIyLjAsInN0YXR1cyI6MSwiY3JlYXRlX2F0IjoiMjAyMC0wNy0xMSAyMDozMzozNSIsInVwZGF0ZV9hdCI6IjIwMjAtMDctMjUgMjE6MjA6MzAifSwiNCI6eyJpZCI6NCwic2hvcF9pZCI6MSwiY2F0ZWdvcnlfaWQiOjEsImNvdmVyX3BpYyI6IjE1MzY2NTg1NzQuMjg0NzM3My5qcGciLCJuYW1lIjoiXHU4MGE1XHU3MjViK1x1NzU2YVx1ODMwNFx1OWUyMVx1ODZjYiIsInByaWNlIjoyMi4wLCJzdGF0dXMiOjEsImNyZWF0ZV9hdCI6IjIwMjAtMDctMTEgMjA6MzY6MTQiLCJ1cGRhdGVfYXQiOiIyMDIwLTA3LTI1IDIxOjIwOjMwIiwibnVtIjoxfSwiNSI6eyJpZCI6NSwic2hvcF9pZCI6MSwiY2F0ZWdvcnlfaWQiOjIsImNvdmVyX3BpYyI6IjE1MzY2NTg2NTkuMDQ0Njk5My5qcGciLCJuYW1lIjoiXHU2ODg1XHU4M2RjXHU2MjYzXHU4MDg5XHU5OTZkIiwicHJpY2UiOjE5LjAsInN0YXR1cyI6MSwiY3JlYXRlX2F0IjoiMjAyMC0wNy0xMSAyMDozNzozOSIsInVwZGF0ZV9hdCI6IjIwMjAtMDctMjUgMjE6MjA6MzAifSwiNiI6eyJpZCI6Niwic2hvcF9pZCI6MSwiY2F0ZWdvcnlfaWQiOjIsImNvdmVyX3BpYyI6IjE1MzY2NTg4MjQuMzk3NjUwNS5qcGciLCJuYW1lIjoiXHU2NzI4XHU5ODdiXHU4MDg5XHU5OTZkIiwicHJpY2UiOjE2LjAsInN0YXR1cyI6MSwiY3JlYXRlX2F0IjoiMjAyMC0wNy0xMSAyMDo0MDoyNCIsInVwZGF0ZV9hdCI6IjIwMjAtMDctMjUgMjE6MjA6MzAifSwiNyI6eyJpZCI6Nywic2hvcF9pZCI6MSwiY2F0ZWdvcnlfaWQiOjIsImNvdmVyX3BpYyI6IjE1MzY2NTg4NjMuNjczMjg1NS5qcGciLCJuYW1lIjoiXHU4MGE1XHU3MjViXHU5OTZkIiwicHJpY2UiOjE5LjAsInN0YXR1cyI6MSwiY3JlYXRlX2F0IjoiMjAyMC0wNy0xMSAyMDo0MTowMyIsInVwZGF0ZV9hdCI6IjIwMjAtMDctMjUgMjE6MjA6MzAifSwiOCI6eyJpZCI6OCwic2hvcF9pZCI6MSwiY2F0ZWdvcnlfaWQiOjIsImNvdmVyX3BpYyI6IjE1MzY2NTg5NjAuMzk1NDEzNC5qcGciLCJuYW1lIjoiXHU2NWUwXHU5YWE4XHU1NDk2XHU1NWIxXHU5ZTIxXHU5OTZkIiwicHJpY2UiOjE4LjAsInN0YXR1cyI6MSwiY3JlYXRlX2F0IjoiMjAyMC0wNy0xMSAyMDo0Mjo0MCIsInVwZGF0ZV9hdCI6IjIwMjAtMDctMjUgMjE6MjA6MzAifSwiOSI6eyJpZCI6OSwic2hvcF9pZCI6MSwiY2F0ZWdvcnlfaWQiOjMsImNvdmVyX3BpYyI6IjE1MzY2NTkxMTQuMDQ0MDIzNS5qcGciLCJuYW1lIjoiXHU2NzI4XHU5ODdiXHU4MDg5IiwicHJpY2UiOjEyLjAsInN0YXR1cyI6MSwiY3JlYXRlX2F0IjoiMjAyMC0wNy0xMSAyMDo0NDoyNSIsInVwZGF0ZV9hdCI6IjIwMjAtMDctMjUgMjE6MjA6MzAifSwiMTAiOnsiaWQiOjEwLCJzaG9wX2lkIjoxLCJjYXRlZ29yeV9pZCI6MywiY292ZXJfcGljIjoiMTUzNjY1OTA2NS43OTcyNjM3LmpwZyIsIm5hbWUiOiJcdTc1NmFcdTgzMDRcdTllMjFcdTg2Y2IiLCJwcmljZSI6NC4wLCJzdGF0dXMiOjEsImNyZWF0ZV9hdCI6IjIwMjAtMDctMTEgMjA6NDU6MTQiLCJ1cGRhdGVfYXQiOiIyMDIwLTA3LTI1IDIxOjIwOjMwIn0sIjExIjp7ImlkIjoxMSwic2hvcF9pZCI6MSwiY2F0ZWdvcnlfaWQiOjMsImNvdmVyX3BpYyI6IjE1MzY2NTkxOTcuNzIzMTIyMS5qcGciLCJuYW1lIjoiXHU5NzUyXHU4M2RjIiwicHJpY2UiOjQuMCwic3RhdHVzIjoxLCJjcmVhdGVfYXQiOiIyMDIwLTA3LTExIDIwOjQ2OjM3IiwidXBkYXRlX2F0IjoiMjAyMC0wNy0yNSAyMToyMDozMCJ9LCIxMiI6eyJpZCI6MTIsInNob3BfaWQiOjEsImNhdGVnb3J5X2lkIjozLCJjb3Zlcl9waWMiOiIxNTM2NjU5MjUzLjg4NDI3MTYuanBnIiwibmFtZSI6Ilx1NTM1NVx1NGVmZFx1OTk5OVx1OGZhM1x1N2IwYlx1NWU3Mlx1NzBlN1x1ODA4OSIsInByaWNlIjoxNS4wLCJzdGF0dXMiOjEsImNyZWF0ZV9hdCI6IjIwMjAtMDctMTEgMjA6NDc6MzMiLCJ1cGRhdGVfYXQiOiIyMDIwLTA3LTI1IDIxOjIwOjMwIn0sIjEzIjp7ImlkIjoxMywic2hvcF9pZCI6MSwiY2F0ZWdvcnlfaWQiOjQsImNvdmVyX3BpYyI6IjE1MzY2NTkzMTEuODY5OTQ5My5qcGciLCJuYW1lIjoiXHU3NTZhXHU4MzA0XHU4NmNiXHU4MmIxXHU2YzY0IiwicHJpY2UiOjQuMCwic3RhdHVzIjoxLCJjcmVhdGVfYXQiOiIyMDIwLTA3LTExIDIwOjQ4OjMxIiwidXBkYXRlX2F0IjoiMjAyMC0wNy0yNSAyMToyMDozMCIsIm51bSI6MX0sIjE0Ijp7ImlkIjoxNCwic2hvcF9pZCI6MSwiY2F0ZWdvcnlfaWQiOjQsImNvdmVyX3BpYyI6IjE1MzY2NTkzNjQuNzg5MjUxMy5qcGciLCJuYW1lIjoiXHU3MzhiXHU4MDAxXHU1NDA5IiwicHJpY2UiOjYuMCwic3RhdHVzIjoxLCJjcmVhdGVfYXQiOiIyMDIwLTA3LTExIDIwOjQ5OjI0IiwidXBkYXRlX2F0IjoiMjAyMC0wNy0yNSAyMToyMDozMCJ9LCIxNSI6eyJpZCI6MTUsInNob3BfaWQiOjEsImNhdGVnb3J5X2lkIjo0LCJjb3Zlcl9waWMiOiIxNTM2NjU5NTYzLjM4OTc2NDguanBnIiwibmFtZSI6Ilx1Njc5Y1x1N2M5Mlx1NmE1OSIsInByaWNlIjo1LjAsInN0YXR1cyI6MSwiY3JlYXRlX2F0IjoiMjAyMC0wNy0xMSAyMDo1Mjo0MyIsInVwZGF0ZV9hdCI6IjIwMjAtMDctMjUgMjE6MjA6MzAifSwiMTYiOnsiaWQiOjE2LCJzaG9wX2lkIjoxLCJjYXRlZ29yeV9pZCI6NCwiY292ZXJfcGljIjoiMTUzNjY1OTYwNS41NTYxNzcxLmpwZyIsIm5hbWUiOiJcdTc3ZmZcdTZjYzlcdTZjMzQiLCJwcmljZSI6My4wLCJzdGF0dXMiOjEsImNyZWF0ZV9hdCI6IjIwMjAtMDctMTEgMjA6NTM6MjUiLCJ1cGRhdGVfYXQiOiIyMDIwLTA3LTI1IDIxOjIwOjMwIiwibnVtIjoxfSwiMTciOnsiaWQiOjE3LCJzaG9wX2lkIjoxLCJjYXRlZ29yeV9pZCI6NCwiY292ZXJfcGljIjoiMTUzNjY1OTY4OC40ODU2MTU3LmpwZyIsIm5hbWUiOiJcdTRlNGNcdTY4ODVcdTZjNDEiLCJwcmljZSI6NC4wLCJzdGF0dXMiOjEsImNyZWF0ZV9hdCI6IjIwMjAtMDctMTEgMjA6NTQ6NDgiLCJ1cGRhdGVfYXQiOiIyMDIwLTA3LTI1IDIxOjIwOjMwIn19LCJ0b3RhbF9tb25leSI6MCwiY2FydGxpc3QiOnt9LCJhZG1pbnVzZXIiOnsiaWQiOjEsInVzZXJuYW1lIjoiemhhbmdzYW4iLCJuaWNrbmFtZSI6IkphY2siLCJwYXNzd29yZF9oYXNoIjoiMWUxOTFkODUxYjNiNDlhMjQ4ZjRlYTYyZjZiMDY0MTAiLCJwYXNzd29yZF9zYWx0IjoiMTIzNDU2Iiwic3RhdHVzIjo2LCJjcmVhdGVfYXQiOiIyMDIwLTA3LTA5IDA1OjE4OjE4IiwidXBkYXRlX2F0IjoiMjAyMi0wMy0wOSAyMjo1MzozNCJ9fQ==', '2022-04-07 05:21:08.864253-03');
INSERT INTO "public"."django_session" VALUES ('s87qfns5ehyk73xr0rr9ks0w5jtyi14p', 'MTQ2MzY0YTFlOWE4YTZiNWU0YzlmZTlhMjQ3ZGZmNmIwM2EwNjA4Mjp7InRvdGFsX21vbmV5IjowLCJ2ZXJpZnljb2RlIjoiMjMxNiIsImFkbWludXNlciI6eyJpZCI6MSwidXNlcm5hbWUiOiJ6aGFuZ3NhbiIsIm5pY2tuYW1lIjoiSmFjayIsInBhc3N3b3JkX2hhc2giOiIxZTE5MWQ4NTFiM2I0OWEyNDhmNGVhNjJmNmIwNjQxMCIsInBhc3N3b3JkX3NhbHQiOiIxMjM0NTYiLCJzdGF0dXMiOjYsImNyZWF0ZV9hdCI6IjIwMjAtMDctMDkgMDU6MTg6MTgiLCJ1cGRhdGVfYXQiOiIyMDIyLTAzLTA5IDIyOjUzOjM0In19', '2022-04-07 22:47:35.161461-03');
INSERT INTO "public"."django_session" VALUES ('6vforsvw3cib41avzlzo3hf2msur9grc', 'NTM1MWFmMDYxMjNiNTYxZTU3MTE3NDk5YjM1NzFjNjRhOTNjM2Q5Nzp7InZlcmlmeWNvZGUiOiIzMjIyIiwid2VidXNlciI6eyJpZCI6MSwidXNlcm5hbWUiOiJ6aGFuZ3NhbiIsIm5pY2tuYW1lIjoiXHU1ZjIwXHU0ZTA5XHU0ZTMwIiwicGFzc3dvcmRfaGFzaCI6IjFlMTkxZDg1MWIzYjQ5YTI0OGY0ZWE2MmY2YjA2NDEwIiwicGFzc3dvcmRfc2FsdCI6IjEyMzQ1NiIsInN0YXR1cyI6NiwiY3JlYXRlX2F0IjoiMjAyMC0wNy0wOSAwNToxODoxOCIsInVwZGF0ZV9hdCI6IjIwMjItMDMtMDkgMjI6NTM6MzQifSwic2hvcGluZm8iOnsiaWQiOjEsIm5hbWUiOiJcdTc1MzBcdTgwMDFcdTVlMDhcdTdlYTJcdTcwZTdcdTgwODkiLCJzaG9wIjoiXHU2NzFkXHU5NjMzXHU1YzA2XHU1M2YwXHU4ZGVmXHU1ZTk3IiwiY292ZXJfcGljIjoiMTIzNDEyMzQuanBnIiwiYmFubmVyX3BpYyI6ImxnLmpwZyIsImFkZHJlc3MiOiJcdTUzMTdcdTRlYWNcdTVlMDJcdTY3MWRcdTk2MzNcdTUzM2FcdTVjMDZcdTUzZjBcdTRlNjFcdTRlMWNcdTUxNmJcdTk1ZjRcdTYyM2ZcdTY3NTFcdTg5N2ZcdTRlMzQ4XHU1M2Y3IiwicGhvbmUiOiIxMjM0NTY3ODkwNSIsInN0YXR1cyI6MSwiY3JlYXRlX2F0IjoiMjAyMC0wNy0yMCAyMToxMjozNCIsInVwZGF0ZV9hdCI6IjIwMjAtMDctMjQgMjM6MzQ6NTYifSwiY2F0ZWdvcnlsaXN0Ijp7IjEiOnsiaWQiOjEsIm5hbWUiOiJcdTUzY2NcdTYyZmNcdTU5NTdcdTk5MTAiLCJwaWRzIjpbeyJpZCI6MSwic2hvcF9pZCI6MSwiY2F0ZWdvcnlfaWQiOjEsImNvdmVyX3BpYyI6IjE1MzY2NTc2MjAuNTQ4NTcwNC5qcGciLCJuYW1lIjoiXHU3ZWEyXHU3MGU3XHU4MDg5K1x1NzJlZVx1NWI1MFx1NTkzNCtcdTk5NmVcdTY1OTkiLCJwcmljZSI6MjUuMCwic3RhdHVzIjoxLCJjcmVhdGVfYXQiOiIyMDIwLTA3LTExIDIwOjIwOjIwIiwidXBkYXRlX2F0IjoiMjAyMC0wNy0yNSAyMToyMDozMCJ9LHsiaWQiOjIsInNob3BfaWQiOjEsImNhdGVnb3J5X2lkIjoxLCJjb3Zlcl9waWMiOiIxNTM2NjU4MzUyLjkzNDE1NTcuanBnIiwibmFtZSI6Ilx1N2VhMlx1NzBlN1x1ODA4OStcdTc1NmFcdTgzMDRcdTllMjFcdTg2Y2IiLCJwcmljZSI6MjIuMCwic3RhdHVzIjoxLCJjcmVhdGVfYXQiOiIyMDIwLTA3LTExIDIwOjMyOjMyIiwidXBkYXRlX2F0IjoiMjAyMC0wNy0yNSAyMToyMDozMCJ9LHsiaWQiOjMsInNob3BfaWQiOjEsImNhdGVnb3J5X2lkIjoxLCJjb3Zlcl9waWMiOiIxNTM2NjU4NDE1LjY4MzgwMDIuanBnIiwibmFtZSI6Ilx1Njg4NVx1ODNkY1x1NjI2M1x1ODA4OStcdTc1NmFcdTgzMDRcdTllMjFcdTg2Y2IiLCJwcmljZSI6MjIuMCwic3RhdHVzIjoxLCJjcmVhdGVfYXQiOiIyMDIwLTA3LTExIDIwOjMzOjM1IiwidXBkYXRlX2F0IjoiMjAyMC0wNy0yNSAyMToyMDozMCJ9LHsiaWQiOjQsInNob3BfaWQiOjEsImNhdGVnb3J5X2lkIjoxLCJjb3Zlcl9waWMiOiIxNTM2NjU4NTc0LjI4NDczNzMuanBnIiwibmFtZSI6Ilx1ODBhNVx1NzI1YitcdTc1NmFcdTgzMDRcdTllMjFcdTg2Y2IiLCJwcmljZSI6MjIuMCwic3RhdHVzIjoxLCJjcmVhdGVfYXQiOiIyMDIwLTA3LTExIDIwOjM2OjE0IiwidXBkYXRlX2F0IjoiMjAyMC0wNy0yNSAyMToyMDozMCJ9XX0sIjIiOnsiaWQiOjIsIm5hbWUiOiJcdTc2ZDZcdTk5NmQiLCJwaWRzIjpbeyJpZCI6NSwic2hvcF9pZCI6MSwiY2F0ZWdvcnlfaWQiOjIsImNvdmVyX3BpYyI6IjE1MzY2NTg2NTkuMDQ0Njk5My5qcGciLCJuYW1lIjoiXHU2ODg1XHU4M2RjXHU2MjYzXHU4MDg5XHU5OTZkIiwicHJpY2UiOjE5LjAsInN0YXR1cyI6MSwiY3JlYXRlX2F0IjoiMjAyMC0wNy0xMSAyMDozNzozOSIsInVwZGF0ZV9hdCI6IjIwMjAtMDctMjUgMjE6MjA6MzAifSx7ImlkIjo2LCJzaG9wX2lkIjoxLCJjYXRlZ29yeV9pZCI6MiwiY292ZXJfcGljIjoiMTUzNjY1ODgyNC4zOTc2NTA1LmpwZyIsIm5hbWUiOiJcdTY3MjhcdTk4N2JcdTgwODlcdTk5NmQiLCJwcmljZSI6MTYuMCwic3RhdHVzIjoxLCJjcmVhdGVfYXQiOiIyMDIwLTA3LTExIDIwOjQwOjI0IiwidXBkYXRlX2F0IjoiMjAyMC0wNy0yNSAyMToyMDozMCJ9LHsiaWQiOjcsInNob3BfaWQiOjEsImNhdGVnb3J5X2lkIjoyLCJjb3Zlcl9waWMiOiIxNTM2NjU4ODYzLjY3MzI4NTUuanBnIiwibmFtZSI6Ilx1ODBhNVx1NzI1Ylx1OTk2ZCIsInByaWNlIjoxOS4wLCJzdGF0dXMiOjEsImNyZWF0ZV9hdCI6IjIwMjAtMDctMTEgMjA6NDE6MDMiLCJ1cGRhdGVfYXQiOiIyMDIwLTA3LTI1IDIxOjIwOjMwIn0seyJpZCI6OCwic2hvcF9pZCI6MSwiY2F0ZWdvcnlfaWQiOjIsImNvdmVyX3BpYyI6IjE1MzY2NTg5NjAuMzk1NDEzNC5qcGciLCJuYW1lIjoiXHU2NWUwXHU5YWE4XHU1NDk2XHU1NWIxXHU5ZTIxXHU5OTZkIiwicHJpY2UiOjE4LjAsInN0YXR1cyI6MSwiY3JlYXRlX2F0IjoiMjAyMC0wNy0xMSAyMDo0Mjo0MCIsInVwZGF0ZV9hdCI6IjIwMjAtMDctMjUgMjE6MjA6MzAifV19LCIzIjp7ImlkIjozLCJuYW1lIjoiXHU1YzBmXHU4M2RjIiwicGlkcyI6W3siaWQiOjksInNob3BfaWQiOjEsImNhdGVnb3J5X2lkIjozLCJjb3Zlcl9waWMiOiIxNTM2NjU5MTE0LjA0NDAyMzUuanBnIiwibmFtZSI6Ilx1NjcyOFx1OTg3Ylx1ODA4OSIsInByaWNlIjoxMi4wLCJzdGF0dXMiOjEsImNyZWF0ZV9hdCI6IjIwMjAtMDctMTEgMjA6NDQ6MjUiLCJ1cGRhdGVfYXQiOiIyMDIwLTA3LTI1IDIxOjIwOjMwIn0seyJpZCI6MTAsInNob3BfaWQiOjEsImNhdGVnb3J5X2lkIjozLCJjb3Zlcl9waWMiOiIxNTM2NjU5MDY1Ljc5NzI2MzcuanBnIiwibmFtZSI6Ilx1NzU2YVx1ODMwNFx1OWUyMVx1ODZjYiIsInByaWNlIjo0LjAsInN0YXR1cyI6MSwiY3JlYXRlX2F0IjoiMjAyMC0wNy0xMSAyMDo0NToxNCIsInVwZGF0ZV9hdCI6IjIwMjAtMDctMjUgMjE6MjA6MzAifSx7ImlkIjoxMSwic2hvcF9pZCI6MSwiY2F0ZWdvcnlfaWQiOjMsImNvdmVyX3BpYyI6IjE1MzY2NTkxOTcuNzIzMTIyMS5qcGciLCJuYW1lIjoiXHU5NzUyXHU4M2RjIiwicHJpY2UiOjQuMCwic3RhdHVzIjoxLCJjcmVhdGVfYXQiOiIyMDIwLTA3LTExIDIwOjQ2OjM3IiwidXBkYXRlX2F0IjoiMjAyMC0wNy0yNSAyMToyMDozMCJ9LHsiaWQiOjEyLCJzaG9wX2lkIjoxLCJjYXRlZ29yeV9pZCI6MywiY292ZXJfcGljIjoiMTUzNjY1OTI1My44ODQyNzE2LmpwZyIsIm5hbWUiOiJcdTUzNTVcdTRlZmRcdTk5OTlcdThmYTNcdTdiMGJcdTVlNzJcdTcwZTdcdTgwODkiLCJwcmljZSI6MTUuMCwic3RhdHVzIjoxLCJjcmVhdGVfYXQiOiIyMDIwLTA3LTExIDIwOjQ3OjMzIiwidXBkYXRlX2F0IjoiMjAyMC0wNy0yNSAyMToyMDozMCJ9XX0sIjQiOnsiaWQiOjQsIm5hbWUiOiJcdTZjNjQvXHU5OTZlXHU2NTk5IiwicGlkcyI6W3siaWQiOjEzLCJzaG9wX2lkIjoxLCJjYXRlZ29yeV9pZCI6NCwiY292ZXJfcGljIjoiMTUzNjY1OTMxMS44Njk5NDkzLmpwZyIsIm5hbWUiOiJcdTc1NmFcdTgzMDRcdTg2Y2JcdTgyYjFcdTZjNjQiLCJwcmljZSI6NC4wLCJzdGF0dXMiOjEsImNyZWF0ZV9hdCI6IjIwMjAtMDctMTEgMjA6NDg6MzEiLCJ1cGRhdGVfYXQiOiIyMDIwLTA3LTI1IDIxOjIwOjMwIn0seyJpZCI6MTQsInNob3BfaWQiOjEsImNhdGVnb3J5X2lkIjo0LCJjb3Zlcl9waWMiOiIxNTM2NjU5MzY0Ljc4OTI1MTMuanBnIiwibmFtZSI6Ilx1NzM4Ylx1ODAwMVx1NTQwOSIsInByaWNlIjo2LjAsInN0YXR1cyI6MSwiY3JlYXRlX2F0IjoiMjAyMC0wNy0xMSAyMDo0OToyNCIsInVwZGF0ZV9hdCI6IjIwMjAtMDctMjUgMjE6MjA6MzAifSx7ImlkIjoxNSwic2hvcF9pZCI6MSwiY2F0ZWdvcnlfaWQiOjQsImNvdmVyX3BpYyI6IjE1MzY2NTk1NjMuMzg5NzY0OC5qcGciLCJuYW1lIjoiXHU2NzljXHU3YzkyXHU2YTU5IiwicHJpY2UiOjUuMCwic3RhdHVzIjoxLCJjcmVhdGVfYXQiOiIyMDIwLTA3LTExIDIwOjUyOjQzIiwidXBkYXRlX2F0IjoiMjAyMC0wNy0yNSAyMToyMDozMCJ9LHsiaWQiOjE2LCJzaG9wX2lkIjoxLCJjYXRlZ29yeV9pZCI6NCwiY292ZXJfcGljIjoiMTUzNjY1OTYwNS41NTYxNzcxLmpwZyIsIm5hbWUiOiJcdTc3ZmZcdTZjYzlcdTZjMzQiLCJwcmljZSI6My4wLCJzdGF0dXMiOjEsImNyZWF0ZV9hdCI6IjIwMjAtMDctMTEgMjA6NTM6MjUiLCJ1cGRhdGVfYXQiOiIyMDIwLTA3LTI1IDIxOjIwOjMwIn0seyJpZCI6MTcsInNob3BfaWQiOjEsImNhdGVnb3J5X2lkIjo0LCJjb3Zlcl9waWMiOiIxNTM2NjU5Njg4LjQ4NTYxNTcuanBnIiwibmFtZSI6Ilx1NGU0Y1x1Njg4NVx1NmM0MSIsInByaWNlIjo0LjAsInN0YXR1cyI6MSwiY3JlYXRlX2F0IjoiMjAyMC0wNy0xMSAyMDo1NDo0OCIsInVwZGF0ZV9hdCI6IjIwMjAtMDctMjUgMjE6MjA6MzAifV19fSwicHJvZHVjdGxpc3QiOnsiMSI6eyJpZCI6MSwic2hvcF9pZCI6MSwiY2F0ZWdvcnlfaWQiOjEsImNvdmVyX3BpYyI6IjE1MzY2NTc2MjAuNTQ4NTcwNC5qcGciLCJuYW1lIjoiXHU3ZWEyXHU3MGU3XHU4MDg5K1x1NzJlZVx1NWI1MFx1NTkzNCtcdTk5NmVcdTY1OTkiLCJwcmljZSI6MjUuMCwic3RhdHVzIjoxLCJjcmVhdGVfYXQiOiIyMDIwLTA3LTExIDIwOjIwOjIwIiwidXBkYXRlX2F0IjoiMjAyMC0wNy0yNSAyMToyMDozMCJ9LCIyIjp7ImlkIjoyLCJzaG9wX2lkIjoxLCJjYXRlZ29yeV9pZCI6MSwiY292ZXJfcGljIjoiMTUzNjY1ODM1Mi45MzQxNTU3LmpwZyIsIm5hbWUiOiJcdTdlYTJcdTcwZTdcdTgwODkrXHU3NTZhXHU4MzA0XHU5ZTIxXHU4NmNiIiwicHJpY2UiOjIyLjAsInN0YXR1cyI6MSwiY3JlYXRlX2F0IjoiMjAyMC0wNy0xMSAyMDozMjozMiIsInVwZGF0ZV9hdCI6IjIwMjAtMDctMjUgMjE6MjA6MzAifSwiMyI6eyJpZCI6Mywic2hvcF9pZCI6MSwiY2F0ZWdvcnlfaWQiOjEsImNvdmVyX3BpYyI6IjE1MzY2NTg0MTUuNjgzODAwMi5qcGciLCJuYW1lIjoiXHU2ODg1XHU4M2RjXHU2MjYzXHU4MDg5K1x1NzU2YVx1ODMwNFx1OWUyMVx1ODZjYiIsInByaWNlIjoyMi4wLCJzdGF0dXMiOjEsImNyZWF0ZV9hdCI6IjIwMjAtMDctMTEgMjA6MzM6MzUiLCJ1cGRhdGVfYXQiOiIyMDIwLTA3LTI1IDIxOjIwOjMwIn0sIjQiOnsiaWQiOjQsInNob3BfaWQiOjEsImNhdGVnb3J5X2lkIjoxLCJjb3Zlcl9waWMiOiIxNTM2NjU4NTc0LjI4NDczNzMuanBnIiwibmFtZSI6Ilx1ODBhNVx1NzI1YitcdTc1NmFcdTgzMDRcdTllMjFcdTg2Y2IiLCJwcmljZSI6MjIuMCwic3RhdHVzIjoxLCJjcmVhdGVfYXQiOiIyMDIwLTA3LTExIDIwOjM2OjE0IiwidXBkYXRlX2F0IjoiMjAyMC0wNy0yNSAyMToyMDozMCJ9LCI1Ijp7ImlkIjo1LCJzaG9wX2lkIjoxLCJjYXRlZ29yeV9pZCI6MiwiY292ZXJfcGljIjoiMTUzNjY1ODY1OS4wNDQ2OTkzLmpwZyIsIm5hbWUiOiJcdTY4ODVcdTgzZGNcdTYyNjNcdTgwODlcdTk5NmQiLCJwcmljZSI6MTkuMCwic3RhdHVzIjoxLCJjcmVhdGVfYXQiOiIyMDIwLTA3LTExIDIwOjM3OjM5IiwidXBkYXRlX2F0IjoiMjAyMC0wNy0yNSAyMToyMDozMCJ9LCI2Ijp7ImlkIjo2LCJzaG9wX2lkIjoxLCJjYXRlZ29yeV9pZCI6MiwiY292ZXJfcGljIjoiMTUzNjY1ODgyNC4zOTc2NTA1LmpwZyIsIm5hbWUiOiJcdTY3MjhcdTk4N2JcdTgwODlcdTk5NmQiLCJwcmljZSI6MTYuMCwic3RhdHVzIjoxLCJjcmVhdGVfYXQiOiIyMDIwLTA3LTExIDIwOjQwOjI0IiwidXBkYXRlX2F0IjoiMjAyMC0wNy0yNSAyMToyMDozMCJ9LCI3Ijp7ImlkIjo3LCJzaG9wX2lkIjoxLCJjYXRlZ29yeV9pZCI6MiwiY292ZXJfcGljIjoiMTUzNjY1ODg2My42NzMyODU1LmpwZyIsIm5hbWUiOiJcdTgwYTVcdTcyNWJcdTk5NmQiLCJwcmljZSI6MTkuMCwic3RhdHVzIjoxLCJjcmVhdGVfYXQiOiIyMDIwLTA3LTExIDIwOjQxOjAzIiwidXBkYXRlX2F0IjoiMjAyMC0wNy0yNSAyMToyMDozMCJ9LCI4Ijp7ImlkIjo4LCJzaG9wX2lkIjoxLCJjYXRlZ29yeV9pZCI6MiwiY292ZXJfcGljIjoiMTUzNjY1ODk2MC4zOTU0MTM0LmpwZyIsIm5hbWUiOiJcdTY1ZTBcdTlhYThcdTU0OTZcdTU1YjFcdTllMjFcdTk5NmQiLCJwcmljZSI6MTguMCwic3RhdHVzIjoxLCJjcmVhdGVfYXQiOiIyMDIwLTA3LTExIDIwOjQyOjQwIiwidXBkYXRlX2F0IjoiMjAyMC0wNy0yNSAyMToyMDozMCJ9LCI5Ijp7ImlkIjo5LCJzaG9wX2lkIjoxLCJjYXRlZ29yeV9pZCI6MywiY292ZXJfcGljIjoiMTUzNjY1OTExNC4wNDQwMjM1LmpwZyIsIm5hbWUiOiJcdTY3MjhcdTk4N2JcdTgwODkiLCJwcmljZSI6MTIuMCwic3RhdHVzIjoxLCJjcmVhdGVfYXQiOiIyMDIwLTA3LTExIDIwOjQ0OjI1IiwidXBkYXRlX2F0IjoiMjAyMC0wNy0yNSAyMToyMDozMCJ9LCIxMCI6eyJpZCI6MTAsInNob3BfaWQiOjEsImNhdGVnb3J5X2lkIjozLCJjb3Zlcl9waWMiOiIxNTM2NjU5MDY1Ljc5NzI2MzcuanBnIiwibmFtZSI6Ilx1NzU2YVx1ODMwNFx1OWUyMVx1ODZjYiIsInByaWNlIjo0LjAsInN0YXR1cyI6MSwiY3JlYXRlX2F0IjoiMjAyMC0wNy0xMSAyMDo0NToxNCIsInVwZGF0ZV9hdCI6IjIwMjAtMDctMjUgMjE6MjA6MzAifSwiMTEiOnsiaWQiOjExLCJzaG9wX2lkIjoxLCJjYXRlZ29yeV9pZCI6MywiY292ZXJfcGljIjoiMTUzNjY1OTE5Ny43MjMxMjIxLmpwZyIsIm5hbWUiOiJcdTk3NTJcdTgzZGMiLCJwcmljZSI6NC4wLCJzdGF0dXMiOjEsImNyZWF0ZV9hdCI6IjIwMjAtMDctMTEgMjA6NDY6MzciLCJ1cGRhdGVfYXQiOiIyMDIwLTA3LTI1IDIxOjIwOjMwIn0sIjEyIjp7ImlkIjoxMiwic2hvcF9pZCI6MSwiY2F0ZWdvcnlfaWQiOjMsImNvdmVyX3BpYyI6IjE1MzY2NTkyNTMuODg0MjcxNi5qcGciLCJuYW1lIjoiXHU1MzU1XHU0ZWZkXHU5OTk5XHU4ZmEzXHU3YjBiXHU1ZTcyXHU3MGU3XHU4MDg5IiwicHJpY2UiOjE1LjAsInN0YXR1cyI6MSwiY3JlYXRlX2F0IjoiMjAyMC0wNy0xMSAyMDo0NzozMyIsInVwZGF0ZV9hdCI6IjIwMjAtMDctMjUgMjE6MjA6MzAifSwiMTMiOnsiaWQiOjEzLCJzaG9wX2lkIjoxLCJjYXRlZ29yeV9pZCI6NCwiY292ZXJfcGljIjoiMTUzNjY1OTMxMS44Njk5NDkzLmpwZyIsIm5hbWUiOiJcdTc1NmFcdTgzMDRcdTg2Y2JcdTgyYjFcdTZjNjQiLCJwcmljZSI6NC4wLCJzdGF0dXMiOjEsImNyZWF0ZV9hdCI6IjIwMjAtMDctMTEgMjA6NDg6MzEiLCJ1cGRhdGVfYXQiOiIyMDIwLTA3LTI1IDIxOjIwOjMwIn0sIjE0Ijp7ImlkIjoxNCwic2hvcF9pZCI6MSwiY2F0ZWdvcnlfaWQiOjQsImNvdmVyX3BpYyI6IjE1MzY2NTkzNjQuNzg5MjUxMy5qcGciLCJuYW1lIjoiXHU3MzhiXHU4MDAxXHU1NDA5IiwicHJpY2UiOjYuMCwic3RhdHVzIjoxLCJjcmVhdGVfYXQiOiIyMDIwLTA3LTExIDIwOjQ5OjI0IiwidXBkYXRlX2F0IjoiMjAyMC0wNy0yNSAyMToyMDozMCJ9LCIxNSI6eyJpZCI6MTUsInNob3BfaWQiOjEsImNhdGVnb3J5X2lkIjo0LCJjb3Zlcl9waWMiOiIxNTM2NjU5NTYzLjM4OTc2NDguanBnIiwibmFtZSI6Ilx1Njc5Y1x1N2M5Mlx1NmE1OSIsInByaWNlIjo1LjAsInN0YXR1cyI6MSwiY3JlYXRlX2F0IjoiMjAyMC0wNy0xMSAyMDo1Mjo0MyIsInVwZGF0ZV9hdCI6IjIwMjAtMDctMjUgMjE6MjA6MzAifSwiMTYiOnsiaWQiOjE2LCJzaG9wX2lkIjoxLCJjYXRlZ29yeV9pZCI6NCwiY292ZXJfcGljIjoiMTUzNjY1OTYwNS41NTYxNzcxLmpwZyIsIm5hbWUiOiJcdTc3ZmZcdTZjYzlcdTZjMzQiLCJwcmljZSI6My4wLCJzdGF0dXMiOjEsImNyZWF0ZV9hdCI6IjIwMjAtMDctMTEgMjA6NTM6MjUiLCJ1cGRhdGVfYXQiOiIyMDIwLTA3LTI1IDIxOjIwOjMwIn0sIjE3Ijp7ImlkIjoxNywic2hvcF9pZCI6MSwiY2F0ZWdvcnlfaWQiOjQsImNvdmVyX3BpYyI6IjE1MzY2NTk2ODguNDg1NjE1Ny5qcGciLCJuYW1lIjoiXHU0ZTRjXHU2ODg1XHU2YzQxIiwicHJpY2UiOjQuMCwic3RhdHVzIjoxLCJjcmVhdGVfYXQiOiIyMDIwLTA3LTExIDIwOjU0OjQ4IiwidXBkYXRlX2F0IjoiMjAyMC0wNy0yNSAyMToyMDozMCJ9fSwidG90YWxfbW9uZXkiOjAsImFkbWludXNlciI6eyJpZCI6MSwidXNlcm5hbWUiOiJ6aGFuZ3NhbiIsIm5pY2tuYW1lIjoiXHU1ZjIwXHU0ZTA5XHU0ZTMwIiwicGFzc3dvcmRfaGFzaCI6IjFlMTkxZDg1MWIzYjQ5YTI0OGY0ZWE2MmY2YjA2NDEwIiwicGFzc3dvcmRfc2FsdCI6IjEyMzQ1NiIsInN0YXR1cyI6NiwiY3JlYXRlX2F0IjoiMjAyMC0wNy0wOSAwNToxODoxOCIsInVwZGF0ZV9hdCI6IjIwMjItMDMtMDkgMjI6NTM6MzQifX0=', '2022-03-24 04:29:12.948951-03');
INSERT INTO "public"."django_session" VALUES ('bif8h8emvco6f81bjgoxjk9xsc8fnlfc', 'ZTdkMDgwMzU0MjY4MDQ2ODg1OTY2MGVhOTljYTAzNjgyYzVmNzI1NTp7InZlcmlmeWNvZGUiOiI3MjU3In0=', '2022-04-11 23:12:29.812839-03');
INSERT INTO "public"."django_session" VALUES ('rtz92bvqxuvckle2rr8fw705x7xkth7t', 'YTlhNjE3MDkxMmNjOGNhODhjOWFhN2RlNTUwNGJmMzIwYzc2NjI3ODp7InZlcmlmeWNvZGUiOiIyNTI2In0=', '2022-04-11 23:12:31.089777-03');
INSERT INTO "public"."django_session" VALUES ('wqsvkpgzkgrpyrhu8evm5rls0grqvma1', 'ZTlmYWJiODFkYjkwYmRkMjQ4NmI3NTZlYjFhNWVjNzRkZTk3MjE3ODp7InRvdGFsX21vbmV5IjowfQ==', '2022-04-11 23:12:37.389569-03');
INSERT INTO "public"."django_session" VALUES ('5yiw8rr6v15h163aslkuh1jqc8nmrblz', 'MjYzNDlkYTBkZTY1MTM3ZGQ0NGFhOWNlMjEwM2E4MDdkOGI0Mjk1MDp7InZlcmlmeWNvZGUiOiIwNzI4In0=', '2022-04-11 23:12:51.669439-03');
INSERT INTO "public"."django_session" VALUES ('fi2388zcwig6egrf9flnpj6a5j0uwvw0', 'NGI3M2NkNTc0ODQ1YjlkMzRlZGFlNzQ1ZmFjOTUxOTdkOGE0NTg3ODp7InZlcmlmeWNvZGUiOiI0NDUzIn0=', '2022-04-11 23:13:11.909512-03');
INSERT INTO "public"."django_session" VALUES ('dlucavac2fxtwuds4ijupdquk0lwtakd', 'YjNjMTUxY2NjZDNjM2E5Y2RkNzBiZmFhZWM3YTY3NzQ3NWYwMTRiMDp7InZlcmlmeWNvZGUiOiIyNjAzIn0=', '2022-04-11 23:15:44.978703-03');
INSERT INTO "public"."django_session" VALUES ('v8i4cpwksfbrr084djnnuvw1150orze7', 'ZTc2MDAyZGJjMzU1NjI3MjFlMWQ1YjVjZGJlM2E0MTNkNDVkMjlkMjp7InRvdGFsX21vbmV5IjowLCJ2ZXJpZnljb2RlIjoiODE5NCIsImFkbWludXNlciI6eyJpZCI6MSwidXNlcm5hbWUiOiJ6aGFuZ3NhbiIsIm5pY2tuYW1lIjoiSmFjayIsInBhc3N3b3JkX2hhc2giOiIxZTE5MWQ4NTFiM2I0OWEyNDhmNGVhNjJmNmIwNjQxMCIsInBhc3N3b3JkX3NhbHQiOiIxMjM0NTYiLCJzdGF0dXMiOjYsImNyZWF0ZV9hdCI6IjIwMjAtMDctMDkgMDU6MTg6MTgiLCJ1cGRhdGVfYXQiOiIyMDIyLTAzLTA5IDIyOjUzOjM0In19', '2022-04-14 09:19:11.109513-03');
INSERT INTO "public"."django_session" VALUES ('mk8cr1fapput26v5r75mo3hjqztx8ded', 'MGUwNDFkMjRlZDRmYWY2YzFhODI0ZDFmYzQzNzMwNjc2Y2NlMWVmODp7InZlcmlmeWNvZGUiOiIwOTM1IiwiYWRtaW51c2VyIjp7ImlkIjoxLCJ1c2VybmFtZSI6InpoYW5nc2FuIiwibmlja25hbWUiOiJKYWNrIiwicGFzc3dvcmRfaGFzaCI6IjFlMTkxZDg1MWIzYjQ5YTI0OGY0ZWE2MmY2YjA2NDEwIiwicGFzc3dvcmRfc2FsdCI6IjEyMzQ1NiIsInN0YXR1cyI6NiwiY3JlYXRlX2F0IjoiMjAyMC0wNy0wOSAwNToxODoxOCIsInVwZGF0ZV9hdCI6IjIwMjItMDMtMDkgMjI6NTM6MzQifX0=', '2022-04-11 23:18:00.984672-03');
INSERT INTO "public"."django_session" VALUES ('mpet8nv1fsuc28hz90ssqsy2ixrb93e3', 'ZDc1ZTY1MjA0OWNlNDQyOTkyYzI0NDA3YzdkYmRiZDcyMmExYWIzOTp7InZlcmlmeWNvZGUiOiIwNDc5In0=', '2022-04-11 23:21:49.516376-03');
INSERT INTO "public"."django_session" VALUES ('5zxivaqfwbxo1ha57di98r9v7u1yair6', 'N2RhOTFiYmFjNDYxNjBkNDc3NzRjM2EwNmEzMjBjN2JlMDMxNmNmNzp7InZlcmlmeWNvZGUiOiI5NTU5In0=', '2022-04-11 23:23:39.356899-03');
INSERT INTO "public"."django_session" VALUES ('5wm8hz0o6g8h0nm43i57teorizqgr7n6', 'MjNjODJhMjliOTFlNmUxNGNlMmY0NTljYzNiMmY0YzNmYWFjYTMxYjp7InZlcmlmeWNvZGUiOiI0Nzk0In0=', '2022-04-11 23:25:27.815023-03');
INSERT INTO "public"."django_session" VALUES ('ayboehed317r6npe4rf8t8xdvjuuuo30', 'MDc0NTYxYjg4MDhjYTI3YTdkZWNlNjVjMmM1ZmU4OGE4NGFmZGYwMTp7InZlcmlmeWNvZGUiOiIwNjY5In0=', '2022-04-11 23:26:33.800781-03');
INSERT INTO "public"."django_session" VALUES ('fskn97f31ay1lnlioxlf2hrxfvd8q995', 'NDhjYjdmZTY0NzY0MjE0YWFjM2FhYTAyMDIwODdhZWUzZWEyMTFiOTp7InZlcmlmeWNvZGUiOiI5MjAyIn0=', '2022-04-11 23:45:02.448978-03');
INSERT INTO "public"."django_session" VALUES ('q9aket50zxrcexz5g264djlk08424l4s', 'MTBhNzljYjMwMGE3ZDgwY2IzODkwOTY5ZWMyN2YzNzViOTAzMjIzNTp7InZlcmlmeWNvZGUiOiIxMzY3In0=', '2022-04-11 23:56:21.364395-03');
INSERT INTO "public"."django_session" VALUES ('9udmgx14wljrpt1qnc5av8fp69ut3ec2', 'ZTlmYWJiODFkYjkwYmRkMjQ4NmI3NTZlYjFhNWVjNzRkZTk3MjE3ODp7InRvdGFsX21vbmV5IjowfQ==', '2022-04-12 00:03:49.633491-03');
INSERT INTO "public"."django_session" VALUES ('0l2c8smyztcvtxebrkbpwpgxw1okieqg', 'YWM1N2EzNzViYzI5MGY4YWQ5NWVkMTg3MTZmNmE3OWYxYTc3MTRhMzp7InZlcmlmeWNvZGUiOiIwOTk4IiwiYWRtaW51c2VyIjp7ImlkIjoxLCJ1c2VybmFtZSI6InpoYW5nc2FuIiwibmlja25hbWUiOiJKYWNrIiwicGFzc3dvcmRfaGFzaCI6IjFlMTkxZDg1MWIzYjQ5YTI0OGY0ZWE2MmY2YjA2NDEwIiwicGFzc3dvcmRfc2FsdCI6IjEyMzQ1NiIsInN0YXR1cyI6NiwiY3JlYXRlX2F0IjoiMjAyMC0wNy0wOSAwNToxODoxOCIsInVwZGF0ZV9hdCI6IjIwMjItMDMtMDkgMjI6NTM6MzQifX0=', '2022-04-12 00:11:20.049732-03');
INSERT INTO "public"."django_session" VALUES ('c194vhdfzqj7hur6au1hcq1m6szfn56c', 'YzgyNzFiYjUzOTM1MWVlMWVhNDhhMDRlM2IyYzQ4ODQ3YTc5M2VjZTp7InZlcmlmeWNvZGUiOiI3MTkwIiwiYWRtaW51c2VyIjp7ImlkIjoxLCJ1c2VybmFtZSI6InpoYW5nc2FuIiwibmlja25hbWUiOiJKYWNrIiwicGFzc3dvcmRfaGFzaCI6IjFlMTkxZDg1MWIzYjQ5YTI0OGY0ZWE2MmY2YjA2NDEwIiwicGFzc3dvcmRfc2FsdCI6IjEyMzQ1NiIsInN0YXR1cyI6NiwiY3JlYXRlX2F0IjoiMjAyMC0wNy0wOSAwNToxODoxOCIsInVwZGF0ZV9hdCI6IjIwMjItMDMtMDkgMjI6NTM6MzQifSwidG90YWxfbW9uZXkiOjB9', '2022-04-12 00:24:12.9102-03');
INSERT INTO "public"."django_session" VALUES ('z1qjzpve7hbst8ulvuzx7cjk92xgeq2i', 'Yjk4MzdkN2RhNDdiMzQxY2VlMWZiNTBjZGJiNjFmMTJjNGU2ZmU0MTp7InZlcmlmeWNvZGUiOiI5Nzg1In0=', '2022-04-12 02:09:46.330778-03');
INSERT INTO "public"."django_session" VALUES ('pmrhxhbybf7228e4sawyvzv7voh6q1ia', 'ZTlmYWJiODFkYjkwYmRkMjQ4NmI3NTZlYjFhNWVjNzRkZTk3MjE3ODp7InRvdGFsX21vbmV5IjowfQ==', '2022-04-13 03:10:03.025088-03');
INSERT INTO "public"."django_session" VALUES ('l41jrklk27e29a959cgrnhe37bckzhxv', 'ZTlmYWJiODFkYjkwYmRkMjQ4NmI3NTZlYjFhNWVjNzRkZTk3MjE3ODp7InRvdGFsX21vbmV5IjowfQ==', '2022-04-13 03:10:04.604968-03');
INSERT INTO "public"."django_session" VALUES ('oydpvte56ntttns8tejw5fvpo0d7wcg4', 'ZTlmYWJiODFkYjkwYmRkMjQ4NmI3NTZlYjFhNWVjNzRkZTk3MjE3ODp7InRvdGFsX21vbmV5IjowfQ==', '2022-04-13 03:10:06.176796-03');
INSERT INTO "public"."django_session" VALUES ('84q4cfqjbido278rte74be7ultzfdq1l', 'ZTlmYWJiODFkYjkwYmRkMjQ4NmI3NTZlYjFhNWVjNzRkZTk3MjE3ODp7InRvdGFsX21vbmV5IjowfQ==', '2022-04-13 03:10:08.31899-03');
INSERT INTO "public"."django_session" VALUES ('0kp8dcqc8vnl9ud1rko6s5qos1qpg3kk', 'ZTlmYWJiODFkYjkwYmRkMjQ4NmI3NTZlYjFhNWVjNzRkZTk3MjE3ODp7InRvdGFsX21vbmV5IjowfQ==', '2022-04-13 03:10:38.987529-03');
INSERT INTO "public"."django_session" VALUES ('kpd4syidzfrnhjgpguh90dgw8u4wmhtc', 'ZTlmYWJiODFkYjkwYmRkMjQ4NmI3NTZlYjFhNWVjNzRkZTk3MjE3ODp7InRvdGFsX21vbmV5IjowfQ==', '2022-04-13 03:10:40.6969-03');
INSERT INTO "public"."django_session" VALUES ('ietmzmzl8mrm9sjeydk17v1308vjxws6', 'ZTlmYWJiODFkYjkwYmRkMjQ4NmI3NTZlYjFhNWVjNzRkZTk3MjE3ODp7InRvdGFsX21vbmV5IjowfQ==', '2022-04-13 03:10:40.946535-03');
INSERT INTO "public"."django_session" VALUES ('omgiy0nt0rggif624xiri9hq1oa1dvvw', 'ZTlmYWJiODFkYjkwYmRkMjQ4NmI3NTZlYjFhNWVjNzRkZTk3MjE3ODp7InRvdGFsX21vbmV5IjowfQ==', '2022-04-13 03:10:42.869029-03');
INSERT INTO "public"."django_session" VALUES ('py9qys3i9za1q4553rzpi1gv5kghrevk', 'Y2U0ZDBjMzNhMzdhY2EwOTRlMmExNjZhNTk4NWE4NTZlNjFjZmUwMzp7InZlcmlmeWNvZGUiOiI0MDMxIn0=', '2022-04-13 04:29:46.596204-03');
INSERT INTO "public"."django_session" VALUES ('9kzxy9c4d3qqcb3sug8bqo5bgnvm0zs0', 'ZTlmYWJiODFkYjkwYmRkMjQ4NmI3NTZlYjFhNWVjNzRkZTk3MjE3ODp7InRvdGFsX21vbmV5IjowfQ==', '2022-04-14 00:39:06.654273-03');
INSERT INTO "public"."django_session" VALUES ('qo4hlimcv8q7ewjtf3x49sz4alh08j8a', 'Y2JkMGM5MDFiYTI2ZWM1NTE0YWRjY2I1ZDIyNmJmMzUyNWU1ODBiMTp7InZlcmlmeWNvZGUiOiI3NjM3In0=', '2022-04-14 11:33:40.413181-03');
INSERT INTO "public"."django_session" VALUES ('poqwxdwixi8l5yc5f3sv9ml67rj8v2pu', 'NDQ3OGFmNzQ2NzM3OTYxOGJmNzdiNGM5YmQxOTE5MmViZGY1YTM3NTp7InZlcmlmeWNvZGUiOiI2MTE4IiwiYWRtaW51c2VyIjp7ImlkIjoxLCJ1c2VybmFtZSI6InpoYW5nc2FuIiwibmlja25hbWUiOiJKYWNrIiwicGFzc3dvcmRfaGFzaCI6IjFlMTkxZDg1MWIzYjQ5YTI0OGY0ZWE2MmY2YjA2NDEwIiwicGFzc3dvcmRfc2FsdCI6IjEyMzQ1NiIsInN0YXR1cyI6NiwiY3JlYXRlX2F0IjoiMjAyMC0wNy0wOSAwNToxODoxOCIsInVwZGF0ZV9hdCI6IjIwMjItMDMtMDkgMjI6NTM6MzQifSwidG90YWxfbW9uZXkiOjB9', '2022-04-14 08:31:41.407673-03');
INSERT INTO "public"."django_session" VALUES ('j2vvme3mzntnz52pw0n6spc7wwk8gfsr', 'NGU2YTYzMDYzYWZjNDkxNDYzYjQzMjdlYWVjN2I4MzRmMWY5NjFmNzp7InZlcmlmeWNvZGUiOiI2NDczIiwiYWRtaW51c2VyIjp7ImlkIjoxLCJ1c2VybmFtZSI6InpoYW5nc2FuIiwibmlja25hbWUiOiJKYWNrIiwicGFzc3dvcmRfaGFzaCI6IjFlMTkxZDg1MWIzYjQ5YTI0OGY0ZWE2MmY2YjA2NDEwIiwicGFzc3dvcmRfc2FsdCI6IjEyMzQ1NiIsInN0YXR1cyI6NiwiY3JlYXRlX2F0IjoiMjAyMC0wNy0wOSAwNToxODoxOCIsInVwZGF0ZV9hdCI6IjIwMjItMDMtMDkgMjI6NTM6MzQifX0=', '2022-04-20 22:51:53.759393-03');
INSERT INTO "public"."django_session" VALUES ('30xz8gybdiaq2zion9f5etpw0te2x0lo', 'OWQ0NDMzY2VhNzc0YzJhOTg1MjBhNzUzNTFiZTU4YTk1OWNjNTdhMTp7InZlcmlmeWNvZGUiOiI4NjE0In0=', '2022-04-15 04:29:07.477852-03');
INSERT INTO "public"."django_session" VALUES ('7xxkdo0tiino39et2tl1zf8tflqcahrd', 'Y2RiZTRmZWMxMTIwMTVhMjdmMTU1ZGUwNDU4OGQyZDlmYmVmNTc3ZDp7InRvdGFsX21vbmV5IjowLCJ2ZXJpZnljb2RlIjoiNzIzOSIsImNhcnRsaXN0Ijp7fSwiYWRtaW51c2VyIjp7ImlkIjoxLCJ1c2VybmFtZSI6InpoYW5nc2FuIiwibmlja25hbWUiOiJKYWNrIiwicGFzc3dvcmRfaGFzaCI6IjFlMTkxZDg1MWIzYjQ5YTI0OGY0ZWE2MmY2YjA2NDEwIiwicGFzc3dvcmRfc2FsdCI6IjEyMzQ1NiIsInN0YXR1cyI6NiwiY3JlYXRlX2F0IjoiMjAyMC0wNy0wOSAwNToxODoxOCIsInVwZGF0ZV9hdCI6IjIwMjItMDMtMDkgMjI6NTM6MzQifX0=', '2022-04-21 03:21:40.694997-03');
INSERT INTO "public"."django_session" VALUES ('lir5qs76kzuc5bkjcp6xqy16ryw8k9ap', 'ODkxMDBjNmY0Zjc0MWYzNDhlMmE2NTEyODBhMDUxMTJiNTZlZTVjNjp7InRvdGFsX21vbmV5IjowLCJ2ZXJpZnljb2RlIjoiNTkyMCIsImFkbWludXNlciI6eyJpZCI6MSwidXNlcm5hbWUiOiJ6aGFuZ3NhbiIsIm5pY2tuYW1lIjoiSmFjayIsInBhc3N3b3JkX2hhc2giOiIxZTE5MWQ4NTFiM2I0OWEyNDhmNGVhNjJmNmIwNjQxMCIsInBhc3N3b3JkX3NhbHQiOiIxMjM0NTYiLCJzdGF0dXMiOjYsImNyZWF0ZV9hdCI6IjIwMjAtMDctMDkgMDU6MTg6MTgiLCJ1cGRhdGVfYXQiOiIyMDIyLTAzLTA5IDIyOjUzOjM0In19', '2022-04-20 11:03:32.345006-03');
INSERT INTO "public"."django_session" VALUES ('b9le8xud9zrej7qnoy5httdwh4005z08', 'NzJhYjc1ZTE3OTA0ZjYwZmUwZjE4MTMxNjNiY2VjYTM1ZTg1ODYyYzp7InZlcmlmeWNvZGUiOiIwMTgyIiwiYWRtaW51c2VyIjp7ImlkIjoxLCJ1c2VybmFtZSI6InpoYW5nc2FuIiwibmlja25hbWUiOiJKYWNrIiwicGFzc3dvcmRfaGFzaCI6IjFlMTkxZDg1MWIzYjQ5YTI0OGY0ZWE2MmY2YjA2NDEwIiwicGFzc3dvcmRfc2FsdCI6IjEyMzQ1NiIsInN0YXR1cyI6NiwiY3JlYXRlX2F0IjoiMjAyMC0wNy0wOSAwNToxODoxOCIsInVwZGF0ZV9hdCI6IjIwMjItMDMtMDkgMjI6NTM6MzQifX0=', '2022-04-25 03:54:32.877603-03');

-- ----------------------------
-- Table structure for member
-- ----------------------------
DROP TABLE IF EXISTS "public"."member";
CREATE TABLE "public"."member" (
  "id" SERIAL PRIMARY KEY,
  "nickname" varchar(50) COLLATE "pg_catalog"."default" DEFAULT NULL::character varying,
  "avatar" varchar(255) COLLATE "pg_catalog"."default" DEFAULT NULL::character varying,
  "mobile" varchar(50) COLLATE "pg_catalog"."default" DEFAULT NULL::character varying,
  "status" int4 NOT NULL DEFAULT 1,
  "create_at" timestamptz(6) DEFAULT NULL::timestamp with time zone,
  "update_at" timestamptz(6) DEFAULT NULL::timestamp with time zone
)
;

-- ----------------------------
-- Records of member
-- ----------------------------
INSERT INTO "public"."member" VALUES (1, 'lixiaofeng', 'moren.png', '11234567899', 9, '2020-07-25 10:20:30-03', '2020-07-25 10:20:30-03');
INSERT INTO "public"."member" VALUES (2, 'jack', 'moren.png', '12345678965', 1, '2020-07-25 10:20:30-03', '2020-07-25 10:20:30-03');
INSERT INTO "public"."member" VALUES (3, 'wo879', 'moren.png', '13456789522', 1, '2020-07-25 10:20:30-03', '2020-07-25 10:20:30-03');
INSERT INTO "public"."member" VALUES (4, 'mt100', 'moren.png', '13567895563', 1, '2020-07-25 10:20:30-03', '2020-07-25 10:20:30-03');
INSERT INTO "public"."member" VALUES (5, '顾客', 'moren.png', '12345678901', 1, '2020-07-25 10:20:30-03', '2020-07-25 10:20:30-03');
INSERT INTO "public"."member" VALUES (6, '顾客', 'moren.png', '12345678902', 1, '2020-07-25 10:20:30-03', '2020-07-25 10:20:30-03');
INSERT INTO "public"."member" VALUES (7, '顾客', 'moren.png', '12345678903', 1, '2020-07-25 10:20:30-03', '2020-07-25 10:20:30-03');
INSERT INTO "public"."member" VALUES (8, '顾客', 'moren.png', '12345678904', 1, '2020-07-25 10:20:30-03', '2020-07-25 10:20:30-03');
INSERT INTO "public"."member" VALUES (9, '顾客', 'moren.png', '12345678905', 1, '2020-07-25 10:20:30-03', '2020-07-25 10:20:30-03');
INSERT INTO "public"."member" VALUES (10, '顾客', 'moren.png', '12345678906', 1, '2020-07-25 10:20:30-03', '2020-07-25 10:20:30-03');
INSERT INTO "public"."member" VALUES (11, '顾客', 'moren.png', '12345678909', 1, '2020-07-25 10:20:30-03', '2020-07-25 10:20:30-03');
INSERT INTO "public"."member" VALUES (12, '顾客', 'moren.png', '18642805564', 1, '2020-07-25 10:20:30-03', '2020-07-25 10:20:30-03');
INSERT INTO "public"."member" VALUES (13, '顾客', 'moren.png', '13116051729', 1, '2020-07-25 10:20:30-03', '2020-07-25 10:20:30-03');
INSERT INTO "public"."member" VALUES (14, '顾客', 'moren.png', '13161485799', 1, '2020-07-25 10:20:30-03', '2020-07-25 10:20:30-03');
INSERT INTO "public"."member" VALUES (15, '顾客', 'moren.png', '11234567888', 1, '2020-07-25 10:20:30-03', '2020-07-25 10:20:30-03');
INSERT INTO "public"."member" VALUES (16, '顾客', 'moren.png', '19919940344', 1, '2020-07-25 10:20:30-03', '2020-07-25 10:20:30-03');

-- ----------------------------
-- Table structure for migrations
-- ----------------------------
DROP TABLE IF EXISTS "public"."migrations";
CREATE TABLE "public"."migrations" (
  "id" SERIAL PRIMARY KEY,
  "migration" varchar(255) COLLATE "pg_catalog"."default" NOT NULL,
  "batch" int8 NOT NULL
)
;

-- ----------------------------
-- Table structure for myadmin_annotation
-- ----------------------------
DROP TABLE IF EXISTS "public"."myadmin_annotation";
CREATE TABLE "public"."myadmin_annotation" (
  "ID" SERIAL PRIMARY KEY,
  "Dataset_ID" int4 NOT NULL,
  "Annotation_type" int4 NOT NULL DEFAULT 1,
  "File_name" text COLLATE "pg_catalog"."default",
  "Create_at" timestamptz(6),
  "Update_at" timestamptz(6),
  "Create_by" varchar(50) COLLATE "pg_catalog"."default",
  "Update_by" text COLLATE "pg_catalog"."default",
  "Dataset_name" varchar(100) COLLATE "pg_catalog"."default",
  "File_path" varchar(255) COLLATE "pg_catalog"."default"
)
;

-- ----------------------------
-- Records of myadmin_annotation
-- ----------------------------
INSERT INTO "public"."myadmin_annotation" VALUES (3, 13, 1, '1648579799.01706.csv', '2022-03-29 04:49:59.01706-03', '2022-03-29 04:49:59.01706-03', '', '', 'DFO2', '');
INSERT INTO "public"."myadmin_annotation" VALUES (4, 1, 1, '1648579825.0479038.csv', '2022-03-29 04:50:25.047903-03', '2022-03-29 04:50:25.047903-03', '', '', 'Jasco_Roberts_Bank', '');
INSERT INTO "public"."myadmin_annotation" VALUES (6, 15, 2, '1648580674.2596612.csv', '2022-03-29 05:04:34.260649-03', '2022-03-29 05:04:34.260649-03', '', '', 'sddddd', '');
INSERT INTO "public"."myadmin_annotation" VALUES (10, 5, 2, '1648654321.6301813.csv', '2022-03-30 01:32:01.632184-03', '2022-03-30 01:32:01.632184-03', '', '', 'Jasco Roberts Bank 2', '');
INSERT INTO "public"."myadmin_annotation" VALUES (12, 7, 1, '1648655162.0595613.csv', '2022-03-30 01:46:02.060544-03', '2022-03-30 01:46:02.060544-03', '', '', 'DFO2', '');
INSERT INTO "public"."myadmin_annotation" VALUES (15, 8, 1, '1648739021.203142.csv', '2022-03-31 01:03:41.204136-03', '2022-03-31 01:03:41.204136-03', '', '', 'Jasco boundary Pass2', '');
INSERT INTO "public"."myadmin_annotation" VALUES (16, 4, 1, '1648739118.4568303.csv', '2022-03-31 01:05:18.458338-03', '2022-03-31 01:05:18.458338-03', '', '', 'Jasco Roberts Bank', '');
INSERT INTO "public"."myadmin_annotation" VALUES (17, 9, 1, '1648739570.0248575.csv', '2022-03-31 01:12:50.025855-03', '2022-03-31 01:12:50.025855-03', '', '', 'Barkley_Canyon_KW', '');

-- ----------------------------
-- Table structure for myadmin_annotation_bak
-- ----------------------------
DROP TABLE IF EXISTS "public"."myadmin_annotation_bak";
CREATE TABLE "public"."myadmin_annotation_bak" (
  "ID" int4,
  "Dataset_ID" int4,
  "Annotation_type" varchar(50) COLLATE "pg_catalog"."default",
  "File_name" text COLLATE "pg_catalog"."default",
  "Start" float8,
  "End" float8,
  "Freq_min" float8,
  "Freq_max" float8,
  "Sound_id_species" varchar(50) COLLATE "pg_catalog"."default",
  "Ecotype" varchar(50) COLLATE "pg_catalog"."default",
  "Pod" varchar(50) COLLATE "pg_catalog"."default",
  "Call_type" varchar(50) COLLATE "pg_catalog"."default",
  "Comments" text COLLATE "pg_catalog"."default",
  "Duration" float8,
  "Create_at" timestamptz(6),
  "Update_at" timestamptz(6),
  "Create_by" varchar(50) COLLATE "pg_catalog"."default",
  "Update_by" text COLLATE "pg_catalog"."default",
  "Dataset_name" varchar(100) COLLATE "pg_catalog"."default"
)
;

-- ----------------------------
-- Records of myadmin_annotation_bak
-- ----------------------------
INSERT INTO "public"."myadmin_annotation_bak" VALUES (1, 1, 'Detailed', 'JASCOAMARHYDROPHONEC000682_20171103T150328.359Z.wav', 52.1, 54.6, 1588.4, 2322.5, 'KW', 'KWSR', 'J', 'S1', '', 1.44, '2022-02-24 11:30:58-04', '2022-02-24 11:31:00-04', 'Jack', 'Jack', 'Jasco_Roberts_Bank');
INSERT INTO "public"."myadmin_annotation_bak" VALUES (2, 1, 'Detailed', 'JASCOAMARHYDROPHONEC000682_20171103T150328.359Z.wav', 78.613, 79.4504381, 1444, 2960.3, 'Vessel Noise', NULL, NULL, NULL, 'Engine noise', 1.65024566, '2022-02-24 11:43:12-04', '2022-02-24 11:43:16-04', 'Jack', 'Jack', 'Jasco_Roberts_Bank');
INSERT INTO "public"."myadmin_annotation_bak" VALUES (3, 1, 'Detailed', 'JASCOAMARHYDROPHONEC000682_20171103T150328.359Z.wav', 52.1, 54.6, 1588.4, 2322.5, 'KW', 'KWSR', 'J', 'S1', '', 1.44, '2022-02-24 11:30:58-04', '2022-02-24 11:31:00-04', 'Jack', 'Jack', 'Jasco_Roberts_Bank');
INSERT INTO "public"."myadmin_annotation_bak" VALUES (4, 1, 'Detailed', 'JASCOAMARHYDROPHONEC000682_20171103T150328.359Z.wav', 78.613, 79.4504381, 1444, 2960.3, 'Vessel Noise', NULL, NULL, NULL, 'Engine noise', 1.65024566, '2022-02-24 11:43:12-04', '2022-02-24 11:43:16-04', 'Jack', 'Jack', 'Jasco_Roberts_Bank');

-- ----------------------------
-- Table structure for myadmin_dataset
-- ----------------------------
DROP TABLE IF EXISTS "public"."myadmin_dataset";
CREATE TABLE "public"."myadmin_dataset" (
  "ID" SERIAL PRIMARY KEY,
  "Dataset_Name" text COLLATE "pg_catalog"."default" NOT NULL,
  "Num_Of_Files" int4 NOT NULL,
  "Num_Of_Annotated_Events" int4 NOT NULL,
  "Species_identified" text COLLATE "pg_catalog"."default",
  "Sampling_rate" varchar(100) COLLATE "pg_catalog"."default",
  "Total_Duration" varchar(100) COLLATE "pg_catalog"."default",
  "Total_Size" varchar(100) COLLATE "pg_catalog"."default",
  "Number_of_Subsets" int4,
  "Location" varchar(100) COLLATE "pg_catalog"."default",
  "Latitude" varchar(50) COLLATE "pg_catalog"."default",
  "Longitude" varchar(50) COLLATE "pg_catalog"."default",
  "Depth" varchar(100) COLLATE "pg_catalog"."default",
  "YAML_Filename" text COLLATE "pg_catalog"."default",
  "Summary_by_Species" varchar(100) COLLATE "pg_catalog"."default",
  "Summary_by_Ecotypes" varchar(100) COLLATE "pg_catalog"."default",
  "Summary_by_Pods" varchar(100) COLLATE "pg_catalog"."default",
  "Summary_by_CallType" varchar(100) COLLATE "pg_catalog"."default",
  "create_at" timestamptz(6) NOT NULL,
  "update_at" timestamptz(6) NOT NULL,
  "create_by" varchar(50) COLLATE "pg_catalog"."default",
  "update_by" varchar(50) COLLATE "pg_catalog"."default",
  "Annotation_type" int4,
  "File_Size" varchar(100) COLLATE "pg_catalog"."default",
  "record_start" timestamptz(6),
  "record_end" timestamptz(6)
)
;

-- ----------------------------
-- Records of myadmin_dataset
-- ----------------------------
INSERT INTO "public"."myadmin_dataset" VALUES (5, 'Jasco Roberts Bank 2', 45, 56, 'Southern Residents', '95.1KHZ', '677', '2.4GB', 266, 'Hudson Bay', '51.1N', '1.12W', '40 meters', '', '1648647914.5770051.png', '', '', '1648647914.5780082.png', '2022-03-29 23:45:14-03', '2022-03-29 23:45:14-03', '', '', 2, '450MB', '2020-02-11 12:18:26-04', '2020-07-15 12:18:38-03');
INSERT INTO "public"."myadmin_dataset" VALUES (8, 'Jasco boundary Pass2', 45, 34, 'Southern Residents', '98KHZ', '123', '1.1GB', 10, 'British Columbia', '51.1N', '1.12W', '40 meters', '', '1648657107.7243986.png', '1648657107.7254314.png', '1648657107.7254314.png', '1648657107.7263927.png', '2022-03-30 02:18:27-03', '2022-03-30 02:18:27-03', '', '', 1, '100MB', '2020-02-11 12:18:26-04', '2020-07-15 12:18:38-03');
INSERT INTO "public"."myadmin_dataset" VALUES (4, 'Jasco Roberts Bank', 45, 34, 'Transients', '95.1KHZ', '455', '4.5 GB', 10, 'St. Lawrence Bay', '52.1N', '1.12W', '40 meters', '', '1648647813.8144295.png', '', '', '', '2022-03-29 23:43:33-03', '2022-03-29 23:43:33-03', '', '', 1, '450MB', '2020-02-11 12:18:26-04', '2020-07-15 12:18:38-03');
INSERT INTO "public"."myadmin_dataset" VALUES (9, 'Barkley_Canyon_KW', 45, 34, 'Northern Residents', '98KHZ', '123', '1.1GB', 10, 'British Columbia', '51.1N', '1.12W', '40 meters', '', '1648736019.2185.png', '1648736019.2195048.png', '1648736019.2195048.png', '1648736019.2195048.png', '2022-03-30 13:39:26-03', '2022-03-31 00:13:39-03', '', '', 1, '100MB', '2020-02-11 12:18:26-04', '2020-07-15 12:18:38-03');
INSERT INTO "public"."myadmin_dataset" VALUES (10, 'Jasco Roberts Bank new', 45, 34, 'Northern Residents', '95.1KHZ', '123', '1.1GB', 555, 'British Columbia', '51.1N', '1.12W', '45 meters', '', '1648741543.0932631.png', '1648741543.0932631.png', '1648741543.094265.png', '1648741543.0952575.png', '2022-03-31 01:45:43-03', '2022-03-31 01:50:23-03', '', '', NULL, '100MB', '2020-02-11 12:18:26-04', '2020-07-15 12:18:38-03');
INSERT INTO "public"."myadmin_dataset" VALUES (11, 'SMRU', 1633, 222, 'Southern Residents', '64KHz', '1 minutes length', '7.7 MB', 222, 'Lime Kiln State Park', '48.51560', '-123.15344', '7m', '', '', '', '', '', '2022-04-06 11:12:00-03', '2022-04-06 11:12:00-03', '', '', NULL, '7.7 MB', '2020-02-11 12:18:26-04', '2020-07-15 12:18:38-03');
INSERT INTO "public"."myadmin_dataset" VALUES (1, 'Jasco boundary Pass34', 34, 34, 'Southern Residents', '98KHZ', '123', '1.1GB', 10, 'British Columbia', '51.1N', '1.12W', '15 meters', '', '1648610573.695895.png', '', '', '1648610573.695895.png', '2022-03-29 05:19:00-03', '2022-03-29 13:22:53-03', '', '', 2, '100MB', '2020-02-11 12:18:26-04', '2020-07-15 12:18:38-03');
INSERT INTO "public"."myadmin_dataset" VALUES (3, 'DFO', 78, 34, 'Southern Residents', '98KHZ', '123', '1.1GB', 10, 'Nova Scotia', '51.1N', '2.21W', '40 meters', '', '1648614719.1786184.png', '1648614719.1796155.png', '1648614719.1796155.png', '1648614719.1806114.png', '2022-03-29 14:31:59-03', '2022-03-29 15:02:20-03', '', '', 1, '100MB', '2020-02-11 12:18:26-04', '2020-07-15 12:18:38-03');
INSERT INTO "public"."myadmin_dataset" VALUES (2, 'DFO', 45, 34, 'Transients', '98KHZ', '123', '2.4GB', 10, 'British Columbia', '51.1N', '1.12W', '15 meters', '', '1648612719.2499547.png', '', '', '', '2022-03-29 13:58:39-03', '2022-03-29 15:14:16-03', '', '', 1, '100MB', '2020-02-11 12:18:26-04', '2020-07-15 12:18:38-03');
INSERT INTO "public"."myadmin_dataset" VALUES (7, 'DFO2', 45, 54, 'Southern Residents', '98KHZ', '123', '1.1GB', 10, 'British Columbia', '51.1N', '1.12W', '40 meters', '', '1648654987.167926.png', '', '', '', '2022-03-30 01:43:07-03', '2022-03-30 01:43:07-03', '', '', 1, '100MB', '2020-02-11 12:18:26-04', '2020-07-15 12:18:38-03');
INSERT INTO "public"."myadmin_dataset" VALUES (6, 'Jasco boundary Pass1', 45, 34, 'Southern Residents', '98KHZ', '123', '1.1GB', 10, 'British Columbia', '51.1N', '1.12W', '40 meters', '', '', '', '', '', '2022-03-30 00:06:27-03', '2022-03-30 00:06:27-03', '', '', NULL, '100MB', '2020-02-11 12:18:26-04', '2020-07-15 12:18:38-03');

-- ----------------------------
-- Table structure for myadmin_datasetdetail
-- ----------------------------
DROP TABLE IF EXISTS "public"."myadmin_datasetdetail";
CREATE TABLE "public"."myadmin_datasetdetail" (
  "ID" SERIAL PRIMARY KEY,
  "Dataset_ID" int4 NOT NULL,
  "File_type" varchar(50) COLLATE "pg_catalog"."default",
  "File_name" text COLLATE "pg_catalog"."default",
  "Download_link" text COLLATE "pg_catalog"."default",
  "create_at" timestamptz(6),
  "update_at" timestamptz(6),
  "create_by" varchar(50) COLLATE "pg_catalog"."default",
  "update_by" varchar(50) COLLATE "pg_catalog"."default",
  "Dataset_Name" text COLLATE "pg_catalog"."default"
)
;

-- ----------------------------
-- Records of myadmin_datasetdetail
-- ----------------------------
INSERT INTO "public"."myadmin_datasetdetail" VALUES (12, 1, '', '1648575069.791094.zip', '', '2022-03-29 03:31:09-03', '2022-03-29 03:31:09-03', '', '', 'Jasco_Roberts_Bank');
INSERT INTO "public"."myadmin_datasetdetail" VALUES (13, 1, '', '1648575796.967444.zip', '', '2022-03-29 03:43:17-03', '2022-03-29 03:43:17-03', '', '', 'Jasco_Roberts_Bank');
INSERT INTO "public"."myadmin_datasetdetail" VALUES (14, 1, '', '1648575961.060441.zip', '', '2022-03-29 03:46:01-03', '2022-03-29 03:46:01-03', '', '', 'Jasco_Roberts_Bank');
INSERT INTO "public"."myadmin_datasetdetail" VALUES (15, 1, '', '1648576009.9978065.zip', '', '2022-03-29 03:46:50-03', '2022-03-29 03:46:50-03', '', '', 'Jasco_Roberts_Bank');
INSERT INTO "public"."myadmin_datasetdetail" VALUES (16, 1, '', '1648576164.8610723.zip', '', '2022-03-29 03:49:24-03', '2022-03-29 03:49:24-03', '', '', 'Jasco_Roberts_Bank');
INSERT INTO "public"."myadmin_datasetdetail" VALUES (20, 1, '', 'Roberts_bank.zip ', '', '2022-03-29 03:51:17-03', '2022-03-29 03:51:17-03', '', '', 'Jasco_Roberts_Bank');
INSERT INTO "public"."myadmin_datasetdetail" VALUES (22, 1, 'ZIP', 'Jasco20220325.zip', '', '2022-03-29 05:22:39-03', '2022-03-29 05:22:39-03', '', '', 'Jasco boundary Pass');
INSERT INTO "public"."myadmin_datasetdetail" VALUES (23, 1, 'ZIP', '1648581759.6052375.zip', '', '2022-03-29 05:22:39-03', '2022-03-29 05:22:39-03', '', '', 'Jasco boundary Pass');
INSERT INTO "public"."myadmin_datasetdetail" VALUES (24, 1, 'ZIP', 'Roberts_bank.zip ', '', '2022-03-29 05:22:39-03', '2022-03-29 05:22:39-03', '', '', 'Jasco boundary Pass');
INSERT INTO "public"."myadmin_datasetdetail" VALUES (26, 1, 'ZIP', 'Jasco20220325.zip', '', '2022-03-29 05:24:40-03', '2022-03-29 05:24:40-03', '', '', 'Jasco boundary Pass');
INSERT INTO "public"."myadmin_datasetdetail" VALUES (27, 1, 'ZIP', '1648581880.5416574.zip', '', '2022-03-29 05:24:40-03', '2022-03-29 05:24:40-03', '', '', 'Jasco boundary Pass');
INSERT INTO "public"."myadmin_datasetdetail" VALUES (28, 1, 'ZIP', 'Roberts_bank.zip ', '', '2022-03-29 05:24:40-03', '2022-03-29 05:24:40-03', '', '', 'Jasco boundary Pass');
INSERT INTO "public"."myadmin_datasetdetail" VALUES (30, 1, 'ZIP', 'Jasco20220325.zip', '', '2022-03-29 05:27:53-03', '2022-03-29 05:27:53-03', '', '', 'Jasco boundary Pass');
INSERT INTO "public"."myadmin_datasetdetail" VALUES (31, 1, 'ZIP', '1648582073.8056438.zip', '', '2022-03-29 05:27:53-03', '2022-03-29 05:27:53-03', '', '', 'Jasco boundary Pass');
INSERT INTO "public"."myadmin_datasetdetail" VALUES (32, 1, 'ZIP', 'Roberts_bank.zip ', '', '2022-03-29 05:27:53-03', '2022-03-29 05:27:53-03', '', '', 'Jasco boundary Pass');
INSERT INTO "public"."myadmin_datasetdetail" VALUES (33, 7, 'ZIP', '1648655047.4368694.zip', '', '2022-03-30 01:44:07-03', '2022-03-30 01:44:07-03', '', '', 'DFO2');
INSERT INTO "public"."myadmin_datasetdetail" VALUES (34, 7, 'ZIP', 'Jasco20220325.zip', '', '2022-03-30 01:44:07-03', '2022-03-30 01:44:07-03', '', '', 'DFO2');
INSERT INTO "public"."myadmin_datasetdetail" VALUES (35, 7, 'ZIP', '1648655047.4378662.zip', '', '2022-03-30 01:44:07-03', '2022-03-30 01:44:07-03', '', '', 'DFO2');
INSERT INTO "public"."myadmin_datasetdetail" VALUES (36, 7, 'ZIP', 'Roberts_bank.zip ', '', '2022-03-30 01:44:07-03', '2022-03-30 01:44:07-03', '', '', 'DFO2');
INSERT INTO "public"."myadmin_datasetdetail" VALUES (37, 8, 'ZIP', '1648657547.4331553.zip', '', '2022-03-30 02:25:47-03', '2022-03-30 02:25:47-03', '', '', 'Jasco boundary Pass2');
INSERT INTO "public"."myadmin_datasetdetail" VALUES (38, 8, 'ZIP', 'Jasco20220325.zip', '', '2022-03-30 02:25:47-03', '2022-03-30 02:25:47-03', '', '', 'Jasco boundary Pass2');
INSERT INTO "public"."myadmin_datasetdetail" VALUES (39, 8, 'ZIP', '1648657547.441134.zip', '', '2022-03-30 02:25:47-03', '2022-03-30 02:25:47-03', '', '', 'Jasco boundary Pass2');
INSERT INTO "public"."myadmin_datasetdetail" VALUES (40, 8, 'ZIP', 'Roberts_bank.zip ', '', '2022-03-30 02:25:47-03', '2022-03-30 02:25:47-03', '', '', 'Jasco boundary Pass2');
INSERT INTO "public"."myadmin_datasetdetail" VALUES (41, 9, 'ZIP', '1648700410.8713381.zip', '', '2022-03-30 14:20:10-03', '2022-03-30 14:20:10-03', '', '', 'Barkley_Canyon_KW');
INSERT INTO "public"."myadmin_datasetdetail" VALUES (42, 9, 'ZIP', '1648700794.497235.zip', '', '2022-03-30 14:26:34-03', '2022-03-30 14:26:34-03', '', '', 'Barkley_Canyon_KW');
INSERT INTO "public"."myadmin_datasetdetail" VALUES (43, 9, 'ZIP', '1648700794.519175.zip', '', '2022-03-30 14:26:34-03', '2022-03-30 14:26:34-03', '', '', 'Barkley_Canyon_KW');
INSERT INTO "public"."myadmin_datasetdetail" VALUES (44, 9, 'ZIP', '1648736973.6753106.zip', '', '2022-03-31 00:29:33-03', '2022-03-31 00:29:33-03', '', '', 'Barkley_Canyon_KW');
INSERT INTO "public"."myadmin_datasetdetail" VALUES (45, 9, 'ZIP', 'Jasco20220325.zip', '', '2022-03-31 00:29:33-03', '2022-03-31 00:29:33-03', '', '', 'Barkley_Canyon_KW');
INSERT INTO "public"."myadmin_datasetdetail" VALUES (46, 9, 'ZIP', '1648736973.7853937.zip', '', '2022-03-31 00:29:33-03', '2022-03-31 00:29:33-03', '', '', 'Barkley_Canyon_KW');
INSERT INTO "public"."myadmin_datasetdetail" VALUES (47, 9, 'ZIP', 'Roberts_bank.zip ', '', '2022-03-31 00:29:33-03', '2022-03-31 00:29:33-03', '', '', 'Barkley_Canyon_KW');
INSERT INTO "public"."myadmin_datasetdetail" VALUES (48, 10, 'ZIP', '1648742293.3355823.zip', '', '2022-03-31 01:58:13-03', '2022-03-31 01:58:13-03', '', '', 'Jasco Roberts Bank new');
INSERT INTO "public"."myadmin_datasetdetail" VALUES (49, 10, 'ZIP', 'Jasco20220325.zip', '', '2022-03-31 01:58:13-03', '2022-03-31 01:58:13-03', '', '', 'Jasco Roberts Bank new');
INSERT INTO "public"."myadmin_datasetdetail" VALUES (50, 10, 'ZIP', '1648742293.338575.zip', '', '2022-03-31 01:58:13-03', '2022-03-31 01:58:13-03', '', '', 'Jasco Roberts Bank new');
INSERT INTO "public"."myadmin_datasetdetail" VALUES (51, 10, 'ZIP', 'Roberts_bank.zip ', '', '2022-03-31 01:58:13-03', '2022-03-31 01:58:13-03', '', '', 'Jasco Roberts Bank new');

-- ----------------------------
-- Table structure for myadmin_model
-- ----------------------------
DROP TABLE IF EXISTS "public"."myadmin_model";
CREATE TABLE "public"."myadmin_model" (
  "ID" SERIAL PRIMARY KEY,
  "Model_Name" varchar(50) COLLATE "pg_catalog"."default" NOT NULL,
  "Dataset_ID" int4,
  "Download_link" text COLLATE "pg_catalog"."default",
  "Model_Level" varchar(50) COLLATE "pg_catalog"."default",
  "Model_details" text COLLATE "pg_catalog"."default",
  "Architecture" text COLLATE "pg_catalog"."default",
  "Training_Set" text COLLATE "pg_catalog"."default",
  "Input_processing" text COLLATE "pg_catalog"."default",
  "Input_Duration" text COLLATE "pg_catalog"."default",
  "Flow_chart" text COLLATE "pg_catalog"."default",
  "Performance_Matric1" varchar(100) COLLATE "pg_catalog"."default",
  "Performance_Matric2" varchar(100) COLLATE "pg_catalog"."default",
  "Performance_Matric3" varchar(100) COLLATE "pg_catalog"."default",
  "Performance_Matric4" varchar(100) COLLATE "pg_catalog"."default",
  "Create_at" timestamptz(6) NOT NULL,
  "Update_at" timestamptz(6) NOT NULL,
  "Create_by" varchar(50) COLLATE "pg_catalog"."default" NOT NULL,
  "Update_by" varchar(50) COLLATE "pg_catalog"."default" NOT NULL,
  "Dataset_name" text COLLATE "pg_catalog"."default"
)
;

-- ----------------------------
-- Records of myadmin_model
-- ----------------------------
INSERT INTO "public"."myadmin_model" VALUES (1, 'Similarity Model', 1, 'model/sim_model.zip', 'Call Type', 'Call Type similarity Model', 'Ketos', 'Dataset ID 9', NULL, NULL, NULL, NULL, NULL, NULL, NULL, '2022-03-20 21:39:51-03', '2022-03-20 21:39:56-03', 'Jack', 'Jack', 'Jasco_Roberts_Bank');

-- ----------------------------
-- Table structure for order_detail
-- ----------------------------
DROP TABLE IF EXISTS "public"."order_detail";
CREATE TABLE "public"."order_detail" (
  "id" SERIAL PRIMARY KEY,
  "order_id" int8,
  "product_id" int8,
  "product_name" varchar(50) COLLATE "pg_catalog"."default" DEFAULT NULL::character varying,
  "price" float8,
  "quantity" int8 NOT NULL DEFAULT '1'::bigint,
  "status" int4 NOT NULL
)
;

-- ----------------------------
-- Records of order_detail
-- ----------------------------
INSERT INTO "public"."order_detail" VALUES (1, 4, 1, '红烧肉+狮子头+饮料', 25, 1, 1);
INSERT INTO "public"."order_detail" VALUES (2, 4, 2, '红烧肉+番茄鸡蛋', 22, 1, 1);
INSERT INTO "public"."order_detail" VALUES (3, 4, 7, '肥牛饭', 19, 1, 1);
INSERT INTO "public"."order_detail" VALUES (4, 5, 1, '红烧肉+狮子头+饮料', 25, 1, 1);
INSERT INTO "public"."order_detail" VALUES (5, 6, 3, '梅菜扣肉+番茄鸡蛋', 22, 1, 1);
INSERT INTO "public"."order_detail" VALUES (6, 6, 12, '单份香辣笋干烧肉', 15, 1, 1);
INSERT INTO "public"."order_detail" VALUES (7, 6, 13, '番茄蛋花汤', 4, 1, 1);
INSERT INTO "public"."order_detail" VALUES (8, 7, 2, '红烧肉+番茄鸡蛋', 22, 1, 1);
INSERT INTO "public"."order_detail" VALUES (9, 7, 6, '木须肉饭', 16, 2, 1);
INSERT INTO "public"."order_detail" VALUES (10, 7, 14, '王老吉', 6, 1, 1);
INSERT INTO "public"."order_detail" VALUES (11, 7, 11, '菜心', 6, 1, 1);
INSERT INTO "public"."order_detail" VALUES (12, 8, 2, '红烧肉+番茄鸡蛋', 22, 1, 1);
INSERT INTO "public"."order_detail" VALUES (13, 8, 5, '梅菜扣肉饭', 19, 1, 1);
INSERT INTO "public"."order_detail" VALUES (14, 9, 1, '红烧肉+狮子头+饮料', 25, 1, 1);
INSERT INTO "public"."order_detail" VALUES (15, 9, 13, '番茄蛋花汤', 4, 1, 1);
INSERT INTO "public"."order_detail" VALUES (16, 10, 1, '红烧肉+狮子头+饮料', 25, 1, 1);
INSERT INTO "public"."order_detail" VALUES (17, 10, 2, '红烧肉+番茄鸡蛋', 22, 1, 1);
INSERT INTO "public"."order_detail" VALUES (18, 11, 1, '红烧肉+狮子头+饮料', 25, 1, 1);
INSERT INTO "public"."order_detail" VALUES (19, 11, 2, '红烧肉+番茄鸡蛋', 22, 2, 1);
INSERT INTO "public"."order_detail" VALUES (20, 11, 12, '单份香辣笋干烧肉', 15, 1, 1);
INSERT INTO "public"."order_detail" VALUES (21, 11, 13, '番茄蛋花汤', 4, 1, 1);
INSERT INTO "public"."order_detail" VALUES (22, 12, 1, '红烧肉+狮子头+饮料', 25, 1, 1);
INSERT INTO "public"."order_detail" VALUES (23, 12, 6, '木须肉饭', 16, 2, 1);
INSERT INTO "public"."order_detail" VALUES (24, 12, 13, '番茄蛋花汤', 4, 1, 1);
INSERT INTO "public"."order_detail" VALUES (25, 13, 1, '红烧肉+狮子头+饮料', 25, 2, 1);
INSERT INTO "public"."order_detail" VALUES (26, 13, 6, '木须肉饭', 16, 1, 1);
INSERT INTO "public"."order_detail" VALUES (27, 13, 9, '单个肉丸子', 4, 2, 1);
INSERT INTO "public"."order_detail" VALUES (28, 13, 14, '王老吉', 6, 1, 1);
INSERT INTO "public"."order_detail" VALUES (29, 14, 1, '红烧肉+狮子头+饮料', 25, 5, 1);
INSERT INTO "public"."order_detail" VALUES (30, 14, 2, '红烧肉+番茄鸡蛋', 22, 7, 1);
INSERT INTO "public"."order_detail" VALUES (31, 14, 6, '木须肉饭', 16, 1, 1);
INSERT INTO "public"."order_detail" VALUES (32, 15, 14, '王老吉', 6, 2, 1);
INSERT INTO "public"."order_detail" VALUES (33, 15, 9, '木须肉', 12, 1, 1);
INSERT INTO "public"."order_detail" VALUES (34, 15, 3, '梅菜扣肉+番茄鸡蛋', 22, 1, 1);
INSERT INTO "public"."order_detail" VALUES (35, 15, 6, '木须肉饭', 16, 1, 1);

-- ----------------------------
-- Table structure for orders
-- ----------------------------
DROP TABLE IF EXISTS "public"."orders";
CREATE TABLE "public"."orders" (
  "id" SERIAL PRIMARY KEY,
  "shop_id" int8,
  "member_id" int8,
  "user_id" int8,
  "money" float8,
  "status" int4,
  "payment_status" int4,
  "create_at" timestamptz(6) DEFAULT NULL::timestamp with time zone,
  "update_at" timestamptz(6) DEFAULT NULL::timestamp with time zone
)
;

-- ----------------------------
-- Records of orders
-- ----------------------------
INSERT INTO "public"."orders" VALUES (4, 1, 0, 1, 66, 3, 2, '2020-07-25 10:20:30-03', '2020-07-25 10:20:30-03');
INSERT INTO "public"."orders" VALUES (5, 1, 0, 1, 25, 3, 2, '2020-07-25 10:20:30-03', '2020-07-25 10:20:30-03');
INSERT INTO "public"."orders" VALUES (6, 1, 0, 3, 41, 3, 2, '2020-07-25 10:20:30-03', '2020-07-25 10:20:30-03');
INSERT INTO "public"."orders" VALUES (7, 1, 0, 1, 66, 3, 2, '2020-07-25 10:20:30-03', '2020-07-25 10:20:30-03');
INSERT INTO "public"."orders" VALUES (8, 1, 0, 1, 41, 1, 2, '2020-07-25 10:20:30-03', '2020-07-25 10:20:30-03');
INSERT INTO "public"."orders" VALUES (9, 1, 0, 1, 29, 2, 2, '2020-07-25 10:20:30-03', '2020-07-25 10:20:30-03');
INSERT INTO "public"."orders" VALUES (10, 1, 0, 1, 47, 1, 2, '2020-07-25 10:20:30-03', '2020-07-25 10:20:30-03');
INSERT INTO "public"."orders" VALUES (11, 1, 0, 1, 88, 3, 2, '2020-07-25 10:20:30-03', '2020-07-25 10:20:30-03');
INSERT INTO "public"."orders" VALUES (12, 1, 0, 1, 61, 3, 2, '2020-07-25 10:20:30-03', '2020-07-25 10:20:30-03');
INSERT INTO "public"."orders" VALUES (13, 1, 0, 1, 80, 3, 2, '2020-07-25 10:20:30-03', '2020-07-25 10:20:30-03');
INSERT INTO "public"."orders" VALUES (14, 1, 0, 2, 295, 2, 2, '2020-07-25 10:20:30-03', '2020-07-25 10:20:30-03');
INSERT INTO "public"."orders" VALUES (15, 1, 0, 2, 62, 1, 2, '2020-07-25 10:20:30-03', '2020-07-25 10:20:30-03');

-- ----------------------------
-- Table structure for payment
-- ----------------------------
DROP TABLE IF EXISTS "public"."payment";
CREATE TABLE "public"."payment" (
  "id" SERIAL PRIMARY KEY,
  "order_id" int8,
  "member_id" int8,
  "money" float8,
  "type" int4,
  "bank" int4,
  "status" int4,
  "create_at" timestamptz(6) DEFAULT NULL::timestamp with time zone,
  "update_at" timestamptz(6) DEFAULT NULL::timestamp with time zone
)
;

-- ----------------------------
-- Records of payment
-- ----------------------------
INSERT INTO "public"."payment" VALUES (2, 4, 0, 66, 2, 3, 2, '2020-07-25 10:20:30-03', '2020-07-25 10:20:30-03');
INSERT INTO "public"."payment" VALUES (3, 5, 0, 25, 2, 3, 2, '2020-07-25 10:20:30-03', '2020-07-25 10:20:30-03');
INSERT INTO "public"."payment" VALUES (4, 6, 0, 41, 2, 3, 2, '2020-07-25 10:20:30-03', '2020-07-25 10:20:30-03');
INSERT INTO "public"."payment" VALUES (5, 7, 0, 66, 2, 3, 2, '2020-07-25 10:20:30-03', '2020-07-25 10:20:30-03');
INSERT INTO "public"."payment" VALUES (6, 8, 0, 41, 2, 3, 2, '2020-07-25 10:20:30-03', '2020-07-25 10:20:30-03');
INSERT INTO "public"."payment" VALUES (7, 9, 0, 29, 2, 1, 2, '2020-07-25 10:20:30-03', '2020-07-25 10:20:30-03');
INSERT INTO "public"."payment" VALUES (8, 10, 0, 47, 2, 3, 2, '2020-07-25 10:20:30-03', '2020-07-25 10:20:30-03');
INSERT INTO "public"."payment" VALUES (9, 11, 0, 88, 2, 3, 2, '2020-07-25 10:20:30-03', '2020-07-25 10:20:30-03');
INSERT INTO "public"."payment" VALUES (10, 12, 0, 61, 2, 3, 2, '2020-07-25 10:20:30-03', '2020-07-25 10:20:30-03');
INSERT INTO "public"."payment" VALUES (11, 13, 0, 80, 2, 3, 2, '2020-07-25 10:20:30-03', '2020-07-25 10:20:30-03');
INSERT INTO "public"."payment" VALUES (12, 14, 0, 295, 2, 4, 2, '2020-07-25 10:20:30-03', '2020-07-25 10:20:30-03');
INSERT INTO "public"."payment" VALUES (13, 15, 0, 62, 2, 3, 2, '2020-07-25 10:20:30-03', '2020-07-25 10:20:30-03');

-- ----------------------------
-- Table structure for product
-- ----------------------------
DROP TABLE IF EXISTS "public"."product";
CREATE TABLE "public"."product" (
  "id" SERIAL PRIMARY KEY,
  "shop_id" int8,
  "category_id" int8,
  "cover_pic" varchar(50) COLLATE "pg_catalog"."default" DEFAULT NULL::character varying,
  "name" varchar(50) COLLATE "pg_catalog"."default" DEFAULT NULL::character varying,
  "price" float8,
  "status" int4,
  "create_at" timestamptz(6) DEFAULT NULL::timestamp with time zone,
  "update_at" timestamptz(6) DEFAULT NULL::timestamp with time zone
)
;

-- ----------------------------
-- Records of product
-- ----------------------------
INSERT INTO "public"."product" VALUES (1, 1, 1, '1536657620.5485704.jpg', '红烧肉+狮子头+饮料', 25, 1, '2020-07-11 09:20:20-03', '2020-07-25 10:20:30-03');
INSERT INTO "public"."product" VALUES (2, 1, 1, '1536658352.9341557.jpg', '红烧肉+番茄鸡蛋', 22, 1, '2020-07-11 09:32:32-03', '2020-07-25 10:20:30-03');
INSERT INTO "public"."product" VALUES (3, 1, 1, '1536658415.6838002.jpg', '梅菜扣肉+番茄鸡蛋', 22, 1, '2020-07-11 09:33:35-03', '2020-07-25 10:20:30-03');
INSERT INTO "public"."product" VALUES (4, 1, 1, '1536658574.2847373.jpg', '肥牛+番茄鸡蛋', 22, 1, '2020-07-11 09:36:14-03', '2020-07-25 10:20:30-03');
INSERT INTO "public"."product" VALUES (5, 1, 2, '1536658659.0446993.jpg', '梅菜扣肉饭', 19, 1, '2020-07-11 09:37:39-03', '2020-07-25 10:20:30-03');
INSERT INTO "public"."product" VALUES (6, 1, 2, '1536658824.3976505.jpg', '木须肉饭', 16, 1, '2020-07-11 09:40:24-03', '2020-07-25 10:20:30-03');
INSERT INTO "public"."product" VALUES (7, 1, 2, '1536658863.6732855.jpg', '肥牛饭', 19, 1, '2020-07-11 09:41:03-03', '2020-07-25 10:20:30-03');
INSERT INTO "public"."product" VALUES (8, 1, 2, '1536658960.3954134.jpg', '无骨咖喱鸡饭', 18, 1, '2020-07-11 09:42:40-03', '2020-07-25 10:20:30-03');
INSERT INTO "public"."product" VALUES (9, 1, 3, '1536659114.0440235.jpg', '木须肉', 12, 1, '2020-07-11 09:44:25-03', '2020-07-25 10:20:30-03');
INSERT INTO "public"."product" VALUES (10, 1, 3, '1536659065.7972637.jpg', '番茄鸡蛋', 4, 1, '2020-07-11 09:45:14-03', '2020-07-25 10:20:30-03');
INSERT INTO "public"."product" VALUES (11, 1, 3, '1536659197.7231221.jpg', '青菜', 4, 1, '2020-07-11 09:46:37-03', '2020-07-25 10:20:30-03');
INSERT INTO "public"."product" VALUES (12, 1, 3, '1536659253.8842716.jpg', '单份香辣笋干烧肉', 15, 1, '2020-07-11 09:47:33-03', '2020-07-25 10:20:30-03');
INSERT INTO "public"."product" VALUES (13, 1, 4, '1536659311.8699493.jpg', '番茄蛋花汤', 4, 1, '2020-07-11 09:48:31-03', '2020-07-25 10:20:30-03');
INSERT INTO "public"."product" VALUES (14, 1, 4, '1536659364.7892513.jpg', '王老吉', 6, 1, '2020-07-11 09:49:24-03', '2020-07-25 10:20:30-03');
INSERT INTO "public"."product" VALUES (15, 1, 4, '1536659563.3897648.jpg', '果粒橙', 5, 1, '2020-07-11 09:52:43-03', '2020-07-25 10:20:30-03');
INSERT INTO "public"."product" VALUES (16, 1, 4, '1536659605.5561771.jpg', '矿泉水', 3, 1, '2020-07-11 09:53:25-03', '2020-07-25 10:20:30-03');
INSERT INTO "public"."product" VALUES (17, 1, 4, '1536659688.4856157.jpg', '乌梅汁', 4, 1, '2020-07-11 09:54:48-03', '2020-07-25 10:20:30-03');
INSERT INTO "public"."product" VALUES (18, 2, 7, '1536659065.7972636.jpg', '番茄鸡蛋', 4, 1, '2020-07-04 06:17:18-03', '2020-07-25 10:20:30-03');
INSERT INTO "public"."product" VALUES (19, 3, 10, '1536658666.8341557.jpg', '红烧肉+西红柿鸡蛋', 24, 1, '2020-07-06 08:46:28-03', '2020-07-25 07:34:07-03');
INSERT INTO "public"."product" VALUES (20, 1, 1, '1647915140.4852064.png', 'sss', 12, 1, '2022-03-21 12:12:20-03', '2022-03-21 12:12:20-03');

-- ----------------------------
-- Table structure for shop
-- ----------------------------
DROP TABLE IF EXISTS "public"."shop";
CREATE TABLE "public"."shop" (
  "id" SERIAL PRIMARY KEY,
  "name" varchar(255) COLLATE "pg_catalog"."default" NOT NULL,
  "cover_pic" varchar(255) COLLATE "pg_catalog"."default" DEFAULT NULL::character varying,
  "banner_pic" varchar(255) COLLATE "pg_catalog"."default" DEFAULT NULL::character varying,
  "address" varchar(255) COLLATE "pg_catalog"."default" DEFAULT NULL::character varying,
  "phone" varchar(255) COLLATE "pg_catalog"."default" DEFAULT NULL::character varying,
  "status" int4 NOT NULL DEFAULT 1,
  "create_at" timestamptz(6) DEFAULT NULL::timestamp with time zone,
  "update_at" timestamptz(6) DEFAULT NULL::timestamp with time zone
)
;

-- ----------------------------
-- Records of shop
-- ----------------------------
INSERT INTO "public"."shop" VALUES (1, '田老师红烧肉-朝阳将台路店', '12341234.jpg', 'lg.jpg', '北京市朝阳区将台乡东八间房村西临8号', '12345678905', 1, '2020-07-20 10:12:34-03', '2020-07-24 12:34:56-03');
INSERT INTO "public"."shop" VALUES (2, '田老师红烧肉-海淀区上地店', '57892456.jpg', 'lg.jpg', '北京市海定区上地三街嘉华大厦A座10号', '13456789209', 1, '2020-07-21 12:23:45-03', '2020-07-22 20:42:16-03');
INSERT INTO "public"."shop" VALUES (3, '田老师红烧肉-西城玉渊潭店', '23454567.jpg', 'lg.jpg', '北京市宣武区玉渊潭南路东123号', '12345677654', 2, '2020-07-24 08:20:32-03', '2020-07-25 06:06:07-03');
INSERT INTO "public"."shop" VALUES (4, 'Jasco Dataset', '1647470276.9602647.jpg', '1647470276.9602647.jpg', 'ets', 'test', 1, '2022-03-16 08:37:56-03', '2022-03-16 08:37:56-03');

-- ----------------------------
-- Table structure for users
-- ----------------------------
DROP TABLE IF EXISTS "public"."users";
CREATE TABLE "public"."users" (
  "id" SERIAL PRIMARY KEY,
  "username" varchar(50) COLLATE "pg_catalog"."default" DEFAULT NULL::character varying,
  "nickname" varchar(50) COLLATE "pg_catalog"."default" DEFAULT NULL::character varying,
  "password_hash" varchar(100) COLLATE "pg_catalog"."default" DEFAULT NULL::character varying,
  "password_salt" varchar(50) COLLATE "pg_catalog"."default" DEFAULT NULL::character varying,
  "status" int4 NOT NULL DEFAULT 1,
  "create_at" timestamptz(6) DEFAULT NULL::timestamp with time zone,
  "update_at" timestamptz(6) DEFAULT NULL::timestamp with time zone
)
;

-- ----------------------------
-- Records of users
-- ----------------------------
INSERT INTO "public"."users" VALUES (4, 'zhangwuji', '张无忌', 'cbb748964d243e38f032b78886db824c', '437809', 9, '2020-02-18 09:06:54-04', '2020-01-14 03:36:25-04');
INSERT INTO "public"."users" VALUES (8, 'uu01', '小优', 'a0811c52452216c63e52da04337e9216', '268818', 1, '2020-01-03 10:27:04-04', '2020-01-03 10:27:04-04');
INSERT INTO "public"."users" VALUES (9, 'uu02', '小优2', '56322ead3e2371636ac2395c8399297f', '112245', 1, '2020-01-03 10:37:37-04', '2020-01-03 10:37:37-04');
INSERT INTO "public"."users" VALUES (13, 'uu666', '小优3', '99e89e8245d9f6f0628b5a59299bd9f7', '673778', 1, '2020-01-13 23:52:13-04', '2020-01-13 23:52:13-04');
INSERT INTO "public"."users" VALUES (14, 'mm', '小美', '05775bb481d11f0648b158cd40a7929c', '627985', 1, '2020-01-14 01:25:57-04', '2020-01-14 01:25:57-04');
INSERT INTO "public"."users" VALUES (5, 'zhaomin', '赵敏', '27c744b428b997675c4383e7eae974c3', '486570', 9, '2020-02-18 09:07:40-04', '2022-03-09 10:59:57-04');
INSERT INTO "public"."users" VALUES (15, 'lirun', 'lrun', '608ec2e11bb85a0fe2d3dca57292a2f7', '533420', 1, '2022-03-09 11:02:23-04', '2022-03-09 11:02:23-04');
INSERT INTO "public"."users" VALUES (1, 'zhangsan', 'Jack', '1e191d851b3b49a248f4ea62f6b06410', '123456', 6, '2020-07-08 18:18:18-03', '2022-03-09 10:53:34-04');
INSERT INTO "public"."users" VALUES (2, 'lisi', '李四', '1e191d851b3b49a248f4ea62f6b06410', '123456', 9, '2020-07-18 08:08:18-03', '2022-03-29 01:03:22-03');
INSERT INTO "public"."users" VALUES (18, 'fabio', 'Fabio', '91797216f8a686619842dd78511e5443', '254573', 1, '2022-03-29 23:50:18-03', '2022-03-29 23:50:18-03');
INSERT INTO "public"."users" VALUES (17, 'fabio', 'Fabio', 'dd83be069435058b591acd926ad6f3de', '499305', 6, '2022-03-16 00:06:31-03', '2022-03-29 23:52:18-03');
INSERT INTO "public"."users" VALUES (11, 'uu04', '小优4', '5eec167b09ea13497843274969460d67', '642960', 9, '2020-01-03 11:27:00-04', '2022-03-29 23:52:29-03');
INSERT INTO "public"."users" VALUES (10, 'uu03', '小优3', '8e7d0c4077c73ad60c23367625d4346f', '238764', 9, '2020-01-03 11:24:48-04', '2022-03-29 23:52:34-03');
INSERT INTO "public"."users" VALUES (3, 'xiaoli', 'test', 'c8a7ca8b274f29cf2c1147a8e0f685a4', '639776', 6, '2020-07-07 07:53:57-03', '2022-03-29 23:56:03-03');
INSERT INTO "public"."users" VALUES (6, 'cuihua', 'cuihua', 'b5a7379148116549de083f5076233bef', '810418', 2, '2020-02-18 09:08:35-04', '2022-03-29 23:56:18-03');
INSERT INTO "public"."users" VALUES (16, 'jack', 'zhangjie', '9c721afd27ae044810b2d56a387e28da', '950888', 6, '2022-03-09 11:02:42-04', '2022-03-29 23:58:28-03');
INSERT INTO "public"."users" VALUES (7, 'zhangle', 'zhangle', '7177bd35ad232f0830fe5c10dcc24b1c', '350013', 2, '2020-02-19 06:11:16-04', '2022-03-29 23:58:37-03');
INSERT INTO "public"."users" VALUES (19, 'oliver', 'Oliver', '157576798101432f5c89216eb9d289bd', '215114', 1, '2022-03-30 00:00:59-03', '2022-03-30 00:00:59-03');
INSERT INTO "public"."users" VALUES (20, 'bruno', 'Bruno', 'c1ae459912f1ac63801db0def2efe963', '588829', 6, '2022-03-30 02:04:00-03', '2022-03-30 02:04:14-03');
INSERT INTO "public"."users" VALUES (12, 'uu123', '小优', '5c2e9f69b05413b806dc6951b0f86e51', '102905', 9, '2020-01-13 23:51:01-04', '2022-03-30 02:13:14-03');
